7169941F3613589EE3FD32E0B676CF4E,6D8C0AF3199ECFDE498788E77FFBC53B,VTS,1,,2013-01-14 18:50:00,2013-01-14 19:04:00,1,840,3.46,-74.01506,40.711266,-73.995331,40.749546
7C85CB4609C72ADD64D1B852B177B29B,FC6F9F144A4D0F690B4229994FD5844A,VTS,1,,2013-01-14 18:46:00,2013-01-14 19:01:00,1,900,1.67,-73.9729,40.755482,-73.994446,40.754318
682691A084E2550BE7DF70FBA35EFC80,38D8CDEFEEE7F98E5AB7AEC17E58F160,VTS,1,,2013-01-14 18:54:00,2013-01-14 19:02:00,6,480,1.66,-73.987175,40.768845,-73.990829,40.7509
835204CB0C75C65267BBD95A218F3286,B9A620153D29D33D32D6CD3D2D963B17,VTS,1,,2013-01-14 19:05:00,2013-01-14 19:09:00,1,240,1.05,-73.997803,40.741791,-73.992691,40.753162
600C1ED0171F4BD8B5F369A0AF71CE68,2DCAEB948B8E4BEF29602AFEF56D936E,VTS,1,,2013-01-14 19:02:00,2013-01-14 19:04:00,1,120,0.47,-73.985924,40.757141,-73.988869,40.753052
7DE23E40957A142A827081FA19EEC829,92062D924B1465FA8F194B27BFC59611,VTS,1,,2013-01-14 18:40:00,2013-01-14 19:01:00,1,1260,3.71,-73.949158,40.777622,-73.995949,40.746086
A95A1E3D8403A43DCC4B9CA6D4D44B34,881B345A0E450984314CB6A5F3E56389,VTS,1,,2013-01-14 18:52:00,2013-01-14 19:03:00,1,660,1.59,-73.971252,40.753929,-73.99147,40.749107
4DE1DDC59EC92BE3EAA466F564986F31,55C83091F910DC25C2C7B857E00EA0A8,VTS,1,,2013-01-14 18:58:00,2013-01-14 19:01:00,1,180,0.61,-73.999687,40.743496,-73.994888,40.749588
98B20BEB1F9CD79CBA5E4CCD884884F5,C2E187D12173AC58CEC15F65BF1E8243,VTS,1,,2013-01-14 19:00:00,2013-01-14 19:07:00,1,420,1.34,-73.98793,40.743816,-73.996063,40.748421
942843964F6C870D8C78BCBB8C301487,B9146B6D4952F054CD16D44EF096312B,VTS,1,,2013-01-14 18:36:00,2013-01-14 19:01:00,1,1500,5.04,-74.002426,40.708885,-73.989777,40.752766
ACA3D646AFDB9CEC3B83085BDF676766,3493216135B0F46CBD48FDE3042C4421,VTS,1,,2013-01-14 18:54:00,2013-01-14 19:04:00,2,600,1.78,-73.993446,40.733261,-73.994476,40.751514
FCD387C7A917EDB3B6F634EE8DFB88B8,8C10F79866AA68C320F2617405C941DF,VTS,1,,2013-01-14 19:00:00,2013-01-14 19:03:00,3,180,0.88,-74.003815,40.742027,-73.996803,40.747456
6F38771E2ED14F0847A840D6E1A270AB,FB0B6758E00519A6D8F793A480281FA7,VTS,1,,2013-01-14 18:55:00,2013-01-14 19:05:00,5,600,1.07,-73.981743,40.746265,-73.991371,40.75362
BFC7B5658240F0BF73C7FBA5B3B5F338,7868E9096432F037649B74418A2D7A79,VTS,1,,2013-01-14 19:00:00,2013-01-14 19:02:00,1,120,0.21,-73.977638,40.755531,-73.988724,40.755535
19B10C15EEBFE03D0B899DF50CBEA912,8BAF0B49E5213E010109D31BDF591FD6,VTS,1,,2013-01-14 18:46:00,2013-01-14 19:05:00,2,1140,1.61,-73.96624,40.754768,-73.989342,40.754749
E5044EC4A438E0715E1C21590BC3EFF7,4277D4DA08B3AFED2D6DA076EDF6B802,VTS,1,,2013-01-14 18:38:00,2013-01-14 19:04:00,1,1560,6.02,-73.995651,40.687416,-73.992683,40.748787
92E926A97908C71240FBAF6F5A1C3842,102DD6747A2FD2AFE41D123EF574B386,VTS,1,,2013-01-14 18:59:00,2013-01-14 19:04:00,1,300,1.64,-73.999245,40.734905,-73.995071,40.748863
7CB7D114409873CD2CF8BB7AA17EA22A,7C56231763969FF71D9FC21418840DD7,VTS,1,,2013-01-14 18:50:00,2013-01-14 19:02:00,1,720,2.1,-73.983017,40.731564,-73.995247,40.74892
A2DB789B7DAD4B0C846BAFBA6B524063,AD79DD0577EA1458598395494528EBCB,VTS,1,,2013-01-14 19:12:00,2013-01-14 19:20:00,1,480,1.96,-73.984238,40.737202,-73.991966,40.754295
315AF11A9133B55094267549FC7F20AF,033BB84AA5C588ED37C852DA7FFE0231,VTS,1,,2013-01-14 19:15:00,2013-01-14 19:20:00,2,300,1.45,-73.995712,40.738945,-73.994583,40.750546
71700D09774B1D25D75BB942E8DCE387,EAA25E46DA0B96FE9BE9A5BC8914C09F,VTS,1,,2013-01-14 19:15:00,2013-01-14 19:21:00,1,360,1.76,-74.007484,40.726414,-73.997505,40.746742
36DE41C36D0BC88D037A53FEF7AC1EF1,4FA15EFD3AEE3E1D0F5502D07AB4158E,VTS,2,,2013-01-14 18:49:00,2013-01-14 19:22:00,5,1980,16.84,-73.792625,40.658836,-73.993996,40.746044
83B9AE79BCF7672D606B286823AE9C67,182458D7C9CD342AA9F83F7836B1014A,VTS,1,,2013-01-14 19:15:00,2013-01-14 19:23:00,2,480,2.38,-74.009995,40.721478,-73.993767,40.745712
02928AFF13D7E2BEA7FC7988527965F5,78F3E4885288384F944EF0E1DDB01DC2,VTS,1,,2013-01-14 19:21:00,2013-01-14 19:25:00,4,240,0.66,-73.976471,40.743614,-73.992302,40.750233
982E3D7F9FF185D430FD2E1701A78931,EBB75A0D9412A2766096DFA88EB0E04D,VTS,1,,2013-01-14 19:11:00,2013-01-14 19:21:00,1,600,2.03,-73.969254,40.765892,-73.990654,40.751122
F260CA356DD2F4F2C81F2E12F20CE5DC,4A843B94B121E1A6DA11DAB828BE9A9F,VTS,1,,2013-01-14 19:11:00,2013-01-14 19:20:00,1,540,2.56,-74.006882,40.71611,-73.990891,40.748703
D2D1721E80B894C8C87955255081CB5B,07998FBF22EE5472DA0659B11C639048,VTS,1,,2013-01-14 19:04:00,2013-01-14 19:19:00,1,900,3.19,-73.979568,40.781948,-73.99276,40.748573
3BA8FB7A76EA6C14C8FB223FB402EC9C,55CA3F571F4D3C3582BB09BBE929A066,VTS,1,,2013-01-14 19:18:00,2013-01-14 19:29:00,1,660,2.04,-73.969254,40.756077,-73.994675,40.755146
6C9F67DF658DC5636F9E7752F203F70A,236DED32252A8DCFE4FEB0DCAF8D0717,VTS,1,,2013-01-14 18:38:00,2013-01-14 19:01:00,1,1380,6.22,-73.956665,40.818172,-73.98983,40.751888
E24B88FAD443CEFD071B87F0FF57370A,E943188415A3ECF6342C6CC6D1DA5C97,VTS,1,,2013-01-14 18:35:00,2013-01-14 19:01:00,2,1560,4.11,-73.955444,40.776894,-73.991402,40.749981
ADC35B7978C5101227D1CC595E95F7C1,B7F9FA2ADABB47D18E46B779514997EC,VTS,1,,2013-01-14 18:58:00,2013-01-14 19:01:00,2,180,0.62,-73.994629,40.755714,-73.996231,40.750347
0CE65EC42F3ABEB0BCC08F274703DDE7,64FE1F0774605FE35C7D6F9C8B25E1C8,VTS,1,,2013-01-14 18:58:00,2013-01-14 19:04:00,2,360,1.26,-74.002106,40.740295,-73.991325,40.755173
7A60A7B144A615C5AEE7EB1AD260C0EC,4B4F94A8DB108C29AF4D323039271177,VTS,1,,2013-01-14 18:53:00,2013-01-14 19:02:00,1,540,1.21,-73.979004,40.747322,-73.992767,40.747913
69C726FC0193D1C309645C295E005DF0,A5E5ECE7B541F27F490FEAFBD7A5C2E7,VTS,1,,2013-01-14 18:53:00,2013-01-14 19:03:00,2,600,1.71,-73.97728,40.736443,-73.995514,40.749161
14D6AF2DF26C81772882686AC9D09EFB,68FD11194B7A72C70AC01EA8F6E0B915,VTS,1,,2013-01-14 18:55:00,2013-01-14 19:04:00,1,540,1.14,-74.005875,40.748417,-73.989784,40.747482
ABF28742E7EE5B3142F67B6FC2191EDD,243FFB0D62C89903312585CFE37FBF11,VTS,1,,2013-01-14 19:00:00,2013-01-14 19:04:00,2,240,0.98,-73.990135,40.738304,-73.997185,40.746964
E63FB9A6397F26C7CC32816ED2692B51,880DD0FA1E83B89513854028019E9813,VTS,1,,2013-01-14 19:02:00,2013-01-14 19:12:00,2,600,2.07,-73.994499,40.726002,-73.991905,40.749226
B17BC338EB62DCD82B7C0CEA024233CE,30FCA09A87DBB276005FA32DC7CD2138,VTS,1,,2013-01-14 19:02:00,2013-01-14 19:04:00,1,120,0.86,-74.001915,40.740479,-73.996964,40.747334
8A91C18433017E113E3117C202641E5B,A9C570EAA4F37809B69A781122FD2CBA,VTS,1,,2013-01-14 18:59:00,2013-01-14 19:06:00,1,420,1.0,-73.996147,40.760063,-73.990463,40.751678
0FAF0CC8A44ED8AE5C5CB6C687B5BAFA,2923E157B6CDA9E4A2B5DDF7BC893240,VTS,1,,2013-01-14 19:17:00,2013-01-14 19:24:00,2,420,1.31,-73.994476,40.740662,-73.992027,40.754333
9231947E0F529F0FF1E3300732CE3CBF,7C7853AEA1389674F916BBEB970E5140,VTS,1,,2013-01-14 18:51:00,2013-01-14 19:05:00,1,840,1.94,-73.976135,40.763725,-73.994835,40.750607
D45DCD8D59D2C02E5630FAC6BF9B9F96,0F385974CD8CEDF616AA555429E1F0F9,VTS,1,,2013-01-14 18:59:00,2013-01-14 19:04:00,5,300,0.6,-73.979172,40.753304,-73.98922,40.751953
6E02AE5834F1FA04E37FA1C26D74C9F5,8EFE4CD7D6E24DE20A6B7358927EFB12,VTS,1,,2013-01-14 18:57:00,2013-01-14 19:05:00,1,480,1.01,-73.978188,40.755024,-73.990311,40.750973
DDF66F69E5A985A19C1C60BF291F3B5E,A3872659326766DB4D0530B67955FD6B,VTS,1,,2013-01-14 18:58:00,2013-01-14 19:06:00,6,480,1.61,-74.006264,40.739708,-73.989235,40.747761
34240D995AB70AB6F172EB17162B9D62,9BAB1E0D579D293F4BD922622ED70E8C,VTS,1,,2013-01-14 19:19:00,2013-01-14 19:24:00,3,300,0.96,-74.004036,40.742462,-73.993835,40.751572
F32C996F49594F21C3C14A9E1821A81A,1A98A194B4B16EE027DADBD14E1CF8E4,VTS,1,,2013-01-14 18:58:00,2013-01-14 19:03:00,2,300,0.88,-73.990562,40.740269,-73.99102,40.748463
EA4DF2B0E54C36EADE3046E2ED549D30,F27933CEB8331F1ED8449CC261C237D7,VTS,1,,2013-01-14 18:59:00,2013-01-14 19:05:00,1,360,0.81,-73.987389,40.742104,-73.990936,40.748775
CE7A92A65EFC27309C8FBC9C3155DB9D,C1DE7723345380ABB6898164BE00CF03,VTS,1,,2013-01-14 18:56:00,2013-01-14 19:05:00,1,540,1.21,-73.975311,40.752342,-73.993271,40.754784
18AEDE83C49EA45353699B430521C1B8,00EF2913824C8473804C0AF9C6EFC459,VTS,1,,2013-01-14 19:00:00,2013-01-14 19:07:00,1,420,0.72,-73.99913,40.753731,-73.989243,40.752239
A1743278E323B310DF568AB68861B3EA,CC6A63A887A7D811C92B7CC41C441837,VTS,1,,2013-01-14 19:03:00,2013-01-14 19:07:00,1,240,0.92,-73.991302,40.739132,-73.989616,40.748047
37D537A6D7C9F946F83836117A06E1B8,5163E12E32A7243525D47E26C929EB1C,VTS,1,,2013-01-14 18:48:00,2013-01-14 19:03:00,6,900,2.08,-73.970985,40.761349,-73.992805,40.752998
AE58C588FEA9BB3246D92A5243362CF7,0BD50413C206E5CE6DB4656DFDC3DD7D,VTS,1,,2013-01-14 19:14:00,2013-01-14 19:22:00,1,480,1.09,-73.97818,40.752785,-73.99073,40.751202
3D2C71410E1F40D9D485168C96925826,B4BFD38E7E6D9E842FAAC3652902B453,VTS,1,,2013-01-14 19:12:00,2013-01-14 19:20:00,1,480,1.9,-73.981743,40.768433,-73.989761,40.745834
91D356E294A21DF3E8CEFA4FC2D1345F,1ED881C6FB66ABF77306822D26D34C26,VTS,1,,2013-01-14 19:13:00,2013-01-14 19:27:00,1,840,1.73,-73.969505,40.757553,-73.989311,40.752373
1E583DE106F334DE85ECDA057E05EC8F,77714D4761EA91BD9B8EA8E383A7FE4D,VTS,1,,2013-01-14 19:17:00,2013-01-14 19:22:00,1,300,0.95,-73.984818,40.753666,-73.992439,40.754311
DD9330F5A4617A7F3D07FC1033C867B8,6834F932A2097364DF6DBB3840D11B5C,VTS,1,,2013-01-14 19:13:00,2013-01-14 19:23:00,1,600,2.25,-74.002075,40.721905,-73.991585,40.749054
728CBFBC5BFEDFE43A512E007F98A494,571BF3BADCCC9875DEC1E7BEB62BB0F8,VTS,1,,2013-01-14 19:13:00,2013-01-14 19:23:00,1,600,1.17,-73.973991,40.756001,-73.990929,40.755501
14B6352E4AC7C4732A518085AF4253DD,8D07E9CCB008BAE2A916C78421F2599F,VTS,1,,2013-01-14 19:10:00,2013-01-14 19:25:00,1,900,3.27,-73.988464,40.724239,-73.994904,40.755459
019AFB33C3153481B058E243DED1E570,F95E3C08B63221EBC6FAF8A1DEB9DF2D,VTS,1,,2013-01-14 19:05:00,2013-01-14 19:22:00,1,1020,4.03,-73.946564,40.776756,-73.991295,40.750576
861DC3E173CA188FEA09E9BE20E02F59,AF967B856217ADB3621D3E00FDD80C07,VTS,1,,2013-01-14 19:08:00,2013-01-14 19:24:00,1,960,5.31,-74.007187,40.705807,-73.990799,40.751984
D978FA187038016567511C9FDF2DB955,FEB715D07F0B4A1F169CBB472D817E10,VTS,1,,2013-01-14 19:17:00,2013-01-14 19:25:00,6,480,1.2,-74.00029,40.758301,-73.992798,40.748131
3A1D9BCB8DFC7BA5CB54031E30BD697F,DB2F74AFC78B942C17E5F1A33C4C8AFD,VTS,1,,2013-01-14 18:53:00,2013-01-14 19:06:00,2,780,1.33,-73.992477,40.763805,-73.990128,40.751785
558FB5FF90FBA39CAC6085E4E4B6609B,3B7671FC31F0E2D1342AA39FC648B27B,VTS,1,,2013-01-14 18:59:00,2013-01-14 19:06:00,1,420,1.0,-73.980652,40.748306,-73.991096,40.755539
9751759C0FA78D17845BEBCC2AB72D81,4C6A98FC2EE50A1043BD0FCF8635A9A0,VTS,1,,2013-01-14 19:18:00,2013-01-14 19:26:00,1,480,1.24,-73.999283,40.754482,-73.994392,40.746307
B49BFAB98602BDB392C5E9D097AAE3D7,BB98AF9C5A1B7F3850A502F295763207,VTS,1,,2013-01-14 18:59:00,2013-01-14 19:07:00,1,480,1.22,-73.976372,40.75045,-73.990173,40.751961
07D9B361B73F6880460BB19E4FC76E32,9A71564AC4D93D18E34E9BDA87DD5B42,VTS,1,,2013-01-14 18:52:00,2013-01-14 19:07:00,2,900,1.97,-73.966866,40.762627,-73.990143,40.751835
517C6B330DBB3F055D007B07512628B3,2C19FBEE1A6E05612EFE4C958C14BC7F,VTS,1,,2013-01-14 18:55:00,2013-01-14 19:09:00,2,840,3.24,-74.009575,40.720203,-73.9935,40.75193
1855E1F1B1D92297C93CA62CAB39FEF6,48D44804028F10124B016D1AC9E63A0B,VTS,1,,2013-01-14 19:21:00,2013-01-14 19:28:00,1,420,2.31,-74.005318,40.726364,-73.998131,40.751202
89C78315AD3F8B427445DB24EAE38D03,310693BDCC77A4168A7BAFE4150B2704,VTS,1,,2013-01-14 19:18:00,2013-01-14 19:24:00,1,360,1.39,-73.991531,40.735306,-73.995918,40.748798
20176D06D17A5E121714ED437FA9F6F0,897AD00DE9DB11E43278CB93ADBB220C,VTS,1,,2013-01-14 19:23:00,2013-01-14 19:29:00,1,360,1.32,-74.006401,40.744614,-73.989395,40.747711
6B4E27D995514C40F2D2D482821E2029,D351B5947A1558278826A73E805AC221,VTS,1,,2013-01-14 19:23:00,2013-01-14 19:27:00,3,240,0.92,-74.005829,40.736412,-73.997528,40.746471
0A63FC93E7E6AFB219214DA3AACA3762,31767C925963B3A01618E6767D022392,VTS,1,,2013-01-14 19:17:00,2013-01-14 19:28:00,3,660,2.43,-73.9757,40.77634,-73.995743,40.750053
4858910DB13105540F707E0E5BF69A74,B1778CC6F3F09AC84C3C9AA78F3187B0,VTS,1,,2013-01-14 18:58:00,2013-01-14 19:07:00,1,540,1.64,-73.981529,40.767929,-73.991325,40.750195
B562ACEF597AA8497E090E41A9F12EEC,0EFFAEB3F3B61D806D70990519375043,VTS,1,,2013-01-14 19:08:00,2013-01-14 19:11:00,1,180,0.6,-73.999817,40.743301,-73.994308,40.747719
EEE29CD2285F27A55C6900A33AFF06CA,29D94090A3B23188F7CAD8E17352E58E,VTS,1,,2013-01-14 19:23:00,2013-01-14 19:25:00,1,120,0.47,-73.985954,40.757401,-73.991356,40.753937
90E5ECEBF544ED981E9BEED20341F504,8B808A620569FF8D8E1561425C8F36EA,VTS,1,,2013-01-14 19:15:00,2013-01-14 19:25:00,1,600,1.7,-74.001183,40.756966,-73.993835,40.746891
08099C118772D01BBA1C3F486BD8AF1E,D72A5034556F003FBEE37F5361EDA070,VTS,1,,2013-01-14 19:17:00,2013-01-14 19:22:00,1,300,1.08,-73.980392,40.765148,-73.989349,40.752441
3591DA4E49ED5705C79A8FBD75A8918A,ACB042AD73918EE8D7A2DB2718CD4641,VTS,1,,2013-01-14 19:26:00,2013-01-14 19:27:00,1,60,0.33,-73.993896,40.752193,-73.992233,40.754021
9AF4A1B8062FE761108B08B4EAAF8EF9,1D9AFFF7D7A64A07FFF1276212E0CBBE,VTS,1,,2013-01-14 19:20:00,2013-01-14 19:28:00,1,480,1.7,-73.995796,40.7644,-73.988701,40.748718
3D3E86C77264624566882BB56DCB6A4D,FB49FFB44E68140DA09841047E69E522,VTS,1,,2013-01-14 19:21:00,2013-01-14 19:24:00,5,180,1.1,-74.002213,40.750511,-73.990013,40.753952
174A6DC5A483C7D7CE539D0AAA7D2002,4122E9BB5A7695DFD260E1566B33DDE5,VTS,1,,2013-01-14 19:21:00,2013-01-14 19:24:00,1,180,1.02,-74.005463,40.740791,-73.995483,40.749287
A1436A9F8F71EADB5A927E6E01D58408,1D8906DAF98896F75E60E78CBE2B6BB6,VTS,1,,2013-01-14 19:20:00,2013-01-14 19:26:00,1,360,1.11,-73.97805,40.75827,-73.990623,40.750988
ED37C74EBBC22A6BDB408F3590DA5229,2C35FC92097A8BEDDF1F3FC30AD88C35,VTS,1,,2013-01-14 19:22:00,2013-01-14 19:28:00,2,360,1.07,-73.98774,40.753342,-73.991531,40.749168
A76846FE99CAF62E011F62E5D72E12FF,523AD4BC4471D97B67890E9125901CE0,VTS,1,,2013-01-14 19:18:00,2013-01-14 19:29:00,5,660,2.18,-73.964043,40.756985,-73.990936,40.750431
FA86473441E4372CFCE507841D7009DD,0FCA4B1183383FC4E424A84D63D7CBF7,VTS,1,,2013-01-14 19:19:00,2013-01-14 19:27:00,1,480,1.52,-73.981056,40.75695,-73.997147,40.746407
97589BDFC2C63459FAD5C7C2A477D1E0,445FBAACAE0A0EF43236B854EF2EAD84,VTS,1,,2013-01-14 19:16:00,2013-01-14 19:27:00,6,660,2.31,-73.99263,40.723866,-73.997765,40.746662
7F8C92A480CEFBD1B7A1014F900F4D51,95CDD1EF32562D299F9E2483D2EB80D0,VTS,1,,2013-01-14 19:19:00,2013-01-14 19:29:00,2,600,1.22,-73.988884,40.736801,-73.99234,40.749126
B6CAFD8605B1122192E0B01B5DF3A698,6EF3933D7DD32085AA791E7914E4CC71,VTS,1,,2013-01-14 18:57:00,2013-01-14 19:18:00,6,1260,9.26,-73.86657,40.771206,-73.989983,40.746689
E0C1D6335F006B3CB919EE58FD24E43E,F177FFFAB6380C43B6C1E23436215C4D,VTS,1,,2013-01-14 19:25:00,2013-01-14 19:28:00,5,180,0.72,-73.985329,40.75919,-73.991501,40.749847
99BE28B5B8AAF54AA97933E669D102B7,67789864244B5D56E09325AE10640E0D,VTS,1,,2013-01-14 18:51:00,2013-01-14 19:01:00,1,600,1.04,-73.98291,40.762772,-73.992783,40.754471
C41A7FA97B7C694620442621FC8D8127,7D3A4D21E59D10C1F24DA6866E7CBDFC,VTS,1,,2013-01-14 18:55:00,2013-01-14 19:02:00,1,420,1.07,-73.992081,40.764858,-73.99292,40.753956
7A69E35CB830CACE1D5664239386F42C,87A2CA65281E731F4BBD78BE9F727B9B,VTS,1,,2013-01-14 18:53:00,2013-01-14 19:01:00,1,480,1.36,-73.972549,40.758583,-73.989861,40.753418
037CB433AB5895649F7A9EF37F767EF1,F57FA13A6A82FE2F40D9DB0193DE0FEE,VTS,1,,2013-01-14 18:54:00,2013-01-14 19:02:00,2,480,0.99,-73.981956,40.755905,-73.990021,40.751942
A3BC3289E26AE031EC321210559AC55A,E0285F460EE7334CB75EAE4D0C7F935F,VTS,1,,2013-01-14 18:56:00,2013-01-14 19:05:00,3,540,1.1,-73.993927,40.741322,-73.991127,40.75404
B54079BCF8BB00E286A4E4EA2192FEB6,07438E7DF666BACC22722F8BE1370E5E,VTS,1,,2013-01-14 18:57:00,2013-01-14 19:02:00,1,300,0.98,-74.005608,40.750973,-73.995667,40.749107
E5B70E847C120AC30EDA169887E95B61,4B846DFC0A35F4FEEC77F702866B4F3F,VTS,1,,2013-01-14 18:46:00,2013-01-14 19:01:00,1,900,2.85,-73.958366,40.768852,-73.989998,40.751446
2AE719E19E1BAAD6732D63DD4D8BA2F8,17730FA33E0E1D69334D7B490F42871E,VTS,1,,2013-01-14 19:00:00,2013-01-14 19:04:00,5,240,0.97,-74.005264,40.741341,-73.99649,40.747883
B790E0A1ACCB5E6D0570D0EF44E6537E,D4A30C3DBED3AC4905B25FADD13C6064,VTS,1,,2013-01-14 18:58:00,2013-01-14 19:02:00,1,240,0.81,-73.986099,40.743317,-73.995544,40.749016
B9BE87087AFC4E78111255B084C02CDE,F868376F747ABE732BFF0E2A72CF9A62,VTS,1,,2013-01-14 18:58:00,2013-01-14 19:03:00,2,300,1.34,-73.993195,40.767868,-73.99324,40.755421
7305A52ADD7411480E2A19676BB9ED21,0C0854D205867C127423C96B675DC138,VTS,1,,2013-01-14 18:49:00,2013-01-14 19:07:00,1,1080,2.45,-73.962769,40.77409,-73.988785,40.753216
5F55508085EE606AC0A93499530E3E64,80A5B453C07F132511771374CFF7D297,VTS,1,,2013-01-14 18:55:00,2013-01-14 19:03:00,6,480,1.11,-73.982841,40.763325,-73.989983,40.752151
E65F94C0C0D7CE9928A2E5AF5D6354D1,41876CED516442B076003CE93BBCDE86,VTS,1,,2013-01-14 18:52:00,2013-01-14 19:05:00,1,780,2.04,-73.96846,40.762753,-73.99099,40.748791
21011A650D0301A286DE0CD8146109EC,56FA56DC627430F6AE0573305FCE9147,VTS,1,,2013-01-14 18:57:00,2013-01-14 19:06:00,2,540,1.47,-73.971542,40.749458,-73.989853,40.75222
430DC7574702BDC37DF1506E58B72B2D,911299BE5F3FF1DFD6E3F4BFEACB6E26,VTS,1,,2013-01-14 19:02:00,2013-01-14 19:04:00,1,120,0.59,-73.996498,40.753323,-73.997627,40.747513
800B1C22FEEF8E080C66AA86ED1ED36C,92DAB97C0E3EA722A261E035F96B1A03,VTS,1,,2013-01-14 18:41:00,2013-01-14 19:01:00,4,1200,8.98,-73.872993,40.774086,-73.993233,40.752155
560D38B63B736522B15F2F98F66CFCC1,1C4DDFE5443B54CC16F6C0B0736938B5,VTS,1,,2013-01-14 18:48:00,2013-01-14 19:03:00,1,900,1.68,-73.974289,40.760578,-73.989853,40.752064
210E7FCC4063BFC083150C8D38297C87,F88E147D847CECC4A23BD7933DF70CA1,VTS,1,,2013-01-14 18:58:00,2013-01-14 19:10:00,1,720,1.64,-73.9729,40.764507,-73.990677,40.751141
BD3B533D9D83C002DA22DBB0B34419DD,52C57B70022A7B6CF34EFA14007D62E1,VTS,1,,2013-01-14 18:56:00,2013-01-14 19:05:00,1,540,0.94,-73.978958,40.756752,-73.990311,40.751575
A7004B2F06C1A3114A48FC2003D0B68B,114AE210A9BAD84C7E567BF2E07BA0EF,VTS,1,,2013-01-14 19:01:00,2013-01-14 19:08:00,1,420,0.91,-73.983887,40.743393,-73.989914,40.751686
180A298786862EA121A8DEC5F20C3CAB,A36B987513BAFC22341C25D021D6D7C5,VTS,1,,2013-01-14 18:55:00,2013-01-14 19:07:00,5,720,2.02,-73.982162,40.773651,-73.993568,40.752327
F904D84CF7E2180E2CCD0DD007C3256C,44BCD85384B0E8E7A0E6BD59EA1AF29C,VTS,1,,2013-01-14 18:59:00,2013-01-14 19:09:00,2,600,1.55,-73.98941,40.756248,-73.988785,40.747433
D14A49668A9FEA497A4B036F46301DED,65DC98F9C16394FC8A5270597A93DD87,VTS,1,,2013-01-14 18:53:00,2013-01-14 19:07:00,1,840,2.73,-73.97271,40.780766,-73.994133,40.751854
B73668FE07B7EB48C94796D90985D4AB,DDA55C31D07DDA942982138A706A026B,VTS,1,,2013-01-14 19:04:00,2013-01-14 19:10:00,1,360,1.0,-73.979919,40.755707,-73.992531,40.754532
FAE8321D1D3EFE36F973B7F573BCABDC,3FEE646E54EAF58B981C4409C795DB45,VTS,1,,2013-01-14 18:58:00,2013-01-14 19:04:00,2,360,0.86,-73.984154,40.748726,-73.991043,40.75547
DB18E9E94EB754CF15E66B03852EA17B,B488BC7EBADC88AB032EF344E596D161,VTS,1,,2013-01-14 18:55:00,2013-01-14 19:09:00,1,840,3.04,-73.996681,40.721252,-73.991852,40.75462
82531DC8EBA2CC0D99984E5F3ABEA1BB,7632767BBDA3FF270241EE6D197B42A7,VTS,1,,2013-01-14 18:58:00,2013-01-14 19:07:00,6,540,1.8,-73.990273,40.737991,-73.991615,40.75386
8F1E8A270DD4A07828D392E757A69A62,74D397F3DFF154130D76D792DABDF604,VTS,1,,2013-01-14 19:04:00,2013-01-14 19:11:00,2,420,1.0,-73.981224,40.755711,-73.991043,40.750622
ED7DCB3ED07F37CB36A3F9893D62176E,52E4704EFF085F50C02ED4C01F198241,VTS,1,,2013-01-14 18:55:00,2013-01-14 19:09:00,2,840,2.21,-73.996223,40.726757,-73.99173,40.749245
E9258318A614FC71C63B8DFE7A780ED8,6B47B3BD7A86CDBD9BDC6E848E9AE20A,VTS,1,,2013-01-14 19:09:00,2013-01-14 19:14:00,1,300,0.65,-73.986794,40.756016,-73.99028,40.747978
379463A755417A5299F3A9F0534FE8FE,AFBE22BB0BC8FF0CB6DE377965EC0594,VTS,1,,2013-01-14 18:57:00,2013-01-14 19:10:00,2,780,2.76,-73.997971,40.718185,-73.992073,40.749153
CBE2015D17B8641EADA0BFAD797C86FF,A0147FD801F4F7BAF812AAC94448A001,VTS,1,,2013-01-14 19:07:00,2013-01-14 19:12:00,2,300,0.86,-74.005104,40.751381,-73.997414,40.745701
1171D0D41E8C5F11AFAEF93FE4ADDB52,B5347AE407DA9C4FDCA71C08CF7862B0,VTS,1,,2013-01-14 19:06:00,2013-01-14 19:13:00,1,420,1.34,-73.992912,40.73719,-73.996025,40.748692
500A8084FD3A6EBF91FE82990526CCDE,C81BB29F8455B5ED1ACF7E5A0D0F692F,VTS,1,,2013-01-14 19:02:00,2013-01-14 19:11:00,1,540,1.8,-73.982399,40.767002,-73.992607,40.748299
098A6760B26E8216FEB60CE654A04201,7B059DCCAC7B5C4E1BED325610CB5227,VTS,1,,2013-01-14 19:09:00,2013-01-14 19:14:00,4,300,1.68,-74.006935,40.729591,-73.994614,40.750568
DA62C464BEEDE22A00431243753511CD,5E08CA188A6778B2A356677E002B04DE,VTS,1,,2013-01-14 19:14:00,2013-01-14 19:20:00,1,360,0.73,-73.980484,40.745506,-73.992149,40.749256
1D9A0B82FFA289502B06AFA5C8C45CB0,0AB68F30BBBE4D801F1837E686A39279,VTS,1,,2013-01-14 19:12:00,2013-01-14 19:23:00,1,660,1.4,-73.989708,40.733707,-73.992096,40.749264
6BF51028C929D7A1DD4BC10DD50160D5,2D71ADC8B09D9972014ABA45134AF2EC,VTS,1,,2013-01-14 19:05:00,2013-01-14 19:14:00,2,540,1.79,-73.990288,40.737637,-73.991974,40.754211
4F0E1DE2F9F6ECF4E73A8300EC182C41,C552A2CA1FF3E9EAA69439DE3CB35D24,VTS,1,,2013-01-14 19:10:00,2013-01-14 19:13:00,1,180,0.86,-73.995972,40.738758,-73.989357,40.747257
20DEC2EBA19D9AD90627DADA0C4FB5C6,630ED0A2635AA57A101987D205407A65,VTS,1,,2013-01-14 19:01:00,2013-01-14 19:15:00,6,840,2.14,-73.967056,40.757561,-73.989975,40.751934
A3A035C01CAC54937BF10FAFB7E2F1AC,72D4C355B58A26D916F1C68B519F7147,VTS,1,,2013-01-14 19:08:00,2013-01-14 19:14:00,1,360,0.65,-73.979187,40.747025,-73.989853,40.751751
2EA46791EA5E4DB5B59F51713F370542,9FCFF34041363A16F180D910E5D00B79,VTS,1,,2013-01-14 19:15:00,2013-01-14 19:28:00,5,780,2.46,-73.977867,40.725372,-73.997086,40.747097
E2563431CC2CC16F7BB22481922E6458,5C6D872EC2D33489469A4E775427F87E,VTS,1,,2013-01-14 19:11:00,2013-01-14 19:17:00,1,360,1.23,-73.981606,40.764233,-73.989197,40.748993
CB479EF8E5362535EBDD617136B2D2D8,714A69D6AC98D3DD2448D719BAC0C9DB,VTS,1,,2013-01-14 19:21:00,2013-01-14 19:28:00,2,420,0.76,-73.977051,40.76469,-73.993607,40.752033
0527F096CC48AA3116F3781CD2E94A39,829430CFCBB52C9AD7427E83DC8B5630,VTS,1,,2013-01-14 19:15:00,2013-01-14 19:19:00,6,240,0.75,-73.99144,40.750069,-73.989845,40.752472
0C699F53672C5CB1E0FABDF47A30D992,9E69725C9B13F18DBB22014335A7D2AC,VTS,1,,2013-01-14 19:12:00,2013-01-14 19:19:00,1,420,1.44,-73.984116,40.762459,-73.993546,40.749409
CE94E2E88748CF5B43C011F0B0F6CA82,935EAF8A8AF8F8AE31FB64BABFD47263,VTS,1,,2013-01-14 19:12:00,2013-01-14 19:21:00,1,540,1.79,-73.97319,40.764374,-73.991196,40.751453
7E701E7093AC041C1DB6AC829BA96B53,A442795AA51203069701276D89BD2253,VTS,1,,2013-01-14 19:10:00,2013-01-14 19:18:00,1,480,1.22,-73.981033,40.73801,-73.990715,40.748417
8BE3DCA6DBA32A5690AB8B3326B826A4,FA60B6B14AE21B09088CC69E1EC3E6C5,VTS,1,,2013-01-14 19:15:00,2013-01-14 19:19:00,1,240,0.97,-74.005608,40.750965,-73.996666,40.747707
2944867BCEE8BF062C3635BB1BE1355C,51F27F655C5C0E1B5B1C1850D9CAC2D4,VTS,1,,2013-01-14 19:10:00,2013-01-14 19:18:00,6,480,1.75,-73.971252,40.758453,-73.99192,40.751423
7EE719A9107FC17B652223C1F6A91C9B,198889637F97F18AB7C53C8EC4266E11,VTS,1,,2013-01-14 19:15:00,2013-01-14 19:18:00,1,180,0.75,-73.985641,40.758366,-73.99231,40.750774
7B858DEA24A14489080FAA39764D3430,398E7F5A206960EF0B711866525E0315,VTS,1,,2013-01-14 19:11:00,2013-01-14 19:17:00,5,360,1.19,-73.974983,40.750832,-73.990982,40.750835
6262E716CE2FF6AD3B433057F299C75F,C4ED37CF52F4238D03C5C1418ED63C5B,VTS,1,,2013-01-14 19:10:00,2013-01-14 19:15:00,1,300,1.2,-73.978569,40.758865,-73.995552,40.75436
76AC5C0F44D07BA5A2291F19E730B0B9,9ECFB7BC929B87E054300895BAC5CB46,VTS,1,,2013-01-14 19:27:00,2013-01-14 19:28:00,2,60,0.46,-73.987099,40.755917,-73.990173,40.751415
A477EDF9EB3BB178B8C45C9174BEED77,AB1E376CBBBDC9104F92915135C891DC,VTS,1,,2013-01-14 19:16:00,2013-01-14 19:21:00,2,300,1.2,-73.981102,40.765266,-73.990784,40.750298
E6A4139C54D3ABAD83DCD49CFCB37356,F38D1DA3D09B7ABDE460AAEC1D2F7E53,VTS,1,,2013-01-14 19:19:00,2013-01-14 19:22:00,1,180,0.75,-73.994614,40.740273,-73.991982,40.748806
C9ABCE3E24388294A2626A7AE463DFC7,D9646C547DE6289905510F2117B2DEC0,VTS,1,,2013-01-14 19:11:00,2013-01-14 19:18:00,1,420,1.4,-74.006027,40.740307,-73.994949,40.750076
0AE605C79E9EBC1FE18A3B5938B64D15,BA938540D01E7A162DF49DD5203F0756,VTS,1,,2013-01-14 19:13:00,2013-01-14 19:20:00,3,420,1.87,-73.997887,40.725918,-73.990417,40.745827
D42C563F8D432B33FBA62DD59184A6EB,BC1008E3756F13184250BA5B6207BE6D,VTS,1,,2013-01-14 18:59:00,2013-01-14 19:08:00,1,540,1.18,-73.990303,40.746288,-73.993347,40.755547
84BD5E53DE508C163593ACC2DC20BD48,4DD7CDBFFC98EE70E67477F657201C45,VTS,1,,2013-01-14 19:15:00,2013-01-14 19:24:00,1,540,1.5,-73.951935,40.777958,-73.992111,40.754017
D7D10754EEBE89440461E47ED0AB7E8A,4A68D97499A3BDD073658D58ADB1F811,VTS,1,,2013-01-14 19:19:00,2013-01-14 19:25:00,1,360,0.79,-73.983688,40.742428,-73.991234,40.748905
FAEBEE8E1C297BD7C57DB9D246FA4A18,7F2E8C943D4E19C90EDC264C2B49D41E,VTS,1,,2013-01-14 19:10:00,2013-01-14 19:20:00,1,600,2.38,-74.00943,40.717453,-73.988838,40.74844
7EA8306E1A78955BC96230C52332575A,CC8F9BABE6DA9C2F1B8E09FC1DF2CE86,VTS,1,,2013-01-14 19:14:00,2013-01-14 19:23:00,1,540,1.56,-73.97049,40.751892,-73.989944,40.746593
BC61E58C47981C54104CF4106A31BA50,1DA22D1975755085B2757B890566098B,VTS,1,,2013-01-14 19:17:00,2013-01-14 19:23:00,1,360,1.7,-73.983978,40.770168,-73.992332,40.753197
1285BE8E37D503B14657341C956CD9DF,E60F8F827404C22D88148A0447E275CE,VTS,1,,2013-01-14 19:15:00,2013-01-14 19:23:00,1,480,1.63,-73.974945,40.741909,-73.992821,40.751846
02E517E0C958416296416C6F4CDABB33,D18181CAC1222B3BFE18FDA6D8B43A2D,VTS,1,,2013-01-14 19:09:00,2013-01-14 19:19:00,1,600,3.16,-73.97522,40.782288,-73.993248,40.747471
8FA0C7C621693B0BBACDC314A5E954F0,D82EB033283F7E46A01D1A010F632FD9,VTS,1,,2013-01-14 19:11:00,2013-01-14 19:22:00,2,660,1.87,-73.972404,40.759392,-73.994812,40.755226
47FA110395C9F5F87967450AF59DEE96,F54031A5FA620A0E08B3E46C63F124DD,VTS,1,,2013-01-14 19:11:00,2013-01-14 19:22:00,1,660,1.74,-73.974609,40.755703,-73.994293,40.745956
D5BF97DF0678BF1ABFACB1A255E20D02,4F21E796165706174E230D751D3BA2E9,VTS,1,,2013-01-14 19:16:00,2013-01-14 19:22:00,2,360,1.12,-73.977554,40.750816,-73.990494,40.748405
5BA71AC6789824B613C8BEF0A61BD6AB,640AF5FC085751F873D156D9D3951528,VTS,1,,2013-01-14 19:09:00,2013-01-14 19:21:00,5,720,2.42,-73.981171,40.763939,-73.997177,40.747494
515EB6F8BEDB2B17CF1CF3B27B76AA93,621FAD277A5E1473AFCCEF83C5B0DA13,VTS,1,,2013-01-14 19:24:00,2013-01-14 19:26:00,1,120,0.69,-73.992416,40.758774,-73.996971,40.752476
3591DA4E49ED5705C79A8FBD75A8918A,ACB042AD73918EE8D7A2DB2718CD4641,VTS,1,,2013-01-14 19:10:00,2013-01-14 19:23:00,1,780,2.07,-73.968353,40.765053,-73.990974,40.75053
0ADC532C1F6519BC7002D0AE338FDA52,55E2D55123A6B9E60D4AF5E83D228FCB,VTS,1,,2013-01-14 19:08:00,2013-01-14 19:21:00,1,780,2.93,-74.010162,40.712399,-73.989563,40.747967
F6BB15B0F863D58E24EAC1D99AA7230D,DE71A0CE2C79C14DE76DD394D3CBBBF3,VTS,1,,2013-01-14 19:18:00,2013-01-14 19:23:00,1,300,0.95,-73.995331,40.739346,-73.989624,40.747276
10E64F0233BDE623296540BF03E6E144,D932A7F56CC0047E69AEFDB82BB12110,VTS,1,,2013-01-14 19:19:00,2013-01-14 19:24:00,1,300,0.5,-73.976654,40.755386,-73.990753,40.748657
5E43DAC40742CE78569ACBAEC6F51F5F,43B84A68CFF8FF8B09B2E6545D22DD29,VTS,1,,2013-01-14 19:24:00,2013-01-14 19:27:00,1,180,0.83,-73.978806,40.750488,-73.990059,40.751118
34BDFF5F649216AB5AFB3F03F50417CD,53CD6887354F8CD56A25FB43EA58E8B0,VTS,1,,2013-01-14 19:13:00,2013-01-14 19:22:00,6,540,1.78,-73.968147,40.751118,-73.990211,40.750736
CB93B00B0DA34D8675A8502D51A05E27,ADFB9D1738D6663E3F257B5A2A1CA6B7,VTS,1,,2013-01-14 19:16:00,2013-01-14 19:25:00,1,540,2.31,-74.001228,40.719002,-73.990402,40.746078
B6F0AC4F3BBD17A5B9FE4F4F25F2E698,A2D02C98A7B91DA340BD5D65801DE313,VTS,1,,2013-01-14 19:16:00,2013-01-14 19:25:00,1,540,1.51,-73.974434,40.762711,-73.990883,40.751053
546E689A5A5151E24584B1B3BFC63B92,BE256B4629AD3519B4594C6711995B0F,VTS,1,,2013-01-14 19:06:00,2013-01-14 19:23:00,1,1020,3.19,-73.959656,40.762703,-73.995628,40.749287
73B1CEE5DD2EBFDF25DFE0F80651D1B7,498863C0689004AB9E27ACCA8D82ECB6,VTS,1,,2013-01-14 19:09:00,2013-01-14 19:24:00,5,900,1.94,-73.972855,40.755466,-73.991394,40.745678
664562F3779D4ECF656E0F41B2433034,D0F63D616E21F7AB2CE4B2E689430CF6,VTS,1,,2013-01-14 19:17:00,2013-01-14 19:23:00,1,360,1.41,-73.989182,40.742275,-73.99276,40.753117
653A49EBF6A3A2989968C00FDA770B51,44116DEF5D89D3C97833183FCC8D3327,VTS,1,,2013-01-14 19:20:00,2013-01-14 19:25:00,1,300,0.79,-73.997704,40.756596,-73.995705,40.749928
8A91C18433017E113E3117C202641E5B,A9C570EAA4F37809B69A781122FD2CBA,VTS,1,,2013-01-14 19:21:00,2013-01-14 19:26:00,1,300,1.19,-73.978683,40.760403,-73.990616,40.750778
BABE5BDE4648ECFD5ED9D1B950533220,667048460A5744426732A82B49F42DBB,VTS,1,,2013-01-14 19:16:00,2013-01-14 19:29:00,1,780,3.47,-74.01532,40.711082,-73.995766,40.749043
FE198A04C2D0461169E3DD300E8854A9,5861DC6C9D7541231B05C7821D3E2FAD,VTS,1,,2013-01-14 19:19:00,2013-01-14 19:24:00,1,300,0.88,-73.988113,40.741756,-73.990929,40.750214
989339FAC9276D9687C50EDB655E7E37,77FD453239DB93999F5608FF9EF9E293,VTS,1,,2013-01-14 19:16:00,2013-01-14 19:23:00,2,420,0.9,-73.980957,40.741844,-73.991837,40.749111
B03043D333781B84FB42C97659BF1F3A,82AB268AAA0FB0B50F6183EEB14685A4,VTS,1,,2013-01-14 19:15:00,2013-01-14 19:25:00,3,600,2.44,-73.9972,40.720657,-73.991577,40.748978
03BEA0DB03A589C5C77BD4152A2F4396,D3802A7E8E510CB06E798E9EDEFF4149,VTS,1,,2013-01-14 19:12:00,2013-01-14 19:25:00,1,780,2.57,-73.960419,40.766174,-73.990646,40.75116
8598F674FC21BEE23203A26EFB5E6BDC,45871577724F7DF6BD7F9B032D33AB32,VTS,1,,2013-01-14 19:18:00,2013-01-14 19:28:00,1,600,1.81,-73.972969,40.764629,-73.991096,40.750309
4EB2827D2B367E1E6876C3540520337E,98682621FC0CFF6A521CC9B9082EEF24,VTS,1,,2013-01-14 19:13:00,2013-01-14 19:26:00,1,780,2.23,-73.964676,40.760098,-73.988876,40.745613
86896F2E5106FA1AA98E7CAB90A571C4,B53CBC276F5C46A2B152E32FBC1275DC,VTS,1,,2013-01-14 19:05:00,2013-01-14 19:14:00,1,540,1.4,-73.979095,40.740257,-73.995331,40.749699
1090A7335DEF8202C90867AA91A88780,7EE4573D46695C5D7D01D06C3B00C0AE,VTS,1,,2013-01-14 19:04:00,2013-01-14 19:09:00,1,300,1.12,-73.983818,40.754875,-73.994316,40.745777
6F677A97E18970FC39C8C51A2E229BAE,6CB3C01B99B54D7F9258F8DCE9AF1188,VTS,1,,2013-01-14 18:59:00,2013-01-14 19:13:00,5,840,2.89,-73.958305,40.769032,-73.99189,40.754261
AAC26FD8FF0C03D8D1CC093A39489BE2,9EA0503A8DCFE4431E08078069C5932E,VTS,1,,2013-01-14 19:01:00,2013-01-14 19:11:00,1,600,2.04,-74.003258,40.740086,-73.990334,40.751759
83DE5B617622C30946701EB77A23D721,796DED0B42CFF5FBF572C8EBD4D25A6B,VTS,1,,2013-01-14 19:01:00,2013-01-14 19:10:00,2,540,1.39,-73.985725,40.735512,-73.990387,40.748367
484CE29A8A46C08FA10112930B57BFCB,C54F37522D905F01D463725AEEB2DE6E,VTS,1,,2013-01-14 19:16:00,2013-01-14 19:26:00,5,600,1.91,-73.991943,40.729347,-73.990746,40.750729
5DC2CEEB1E6732005E0EC9601AE534C8,9837314F235CF75110DC3D8ECD001507,VTS,1,,2013-01-14 19:02:00,2013-01-14 19:10:00,1,480,1.15,-73.978081,40.757816,-73.992256,40.754337
9005769B60F29F8F4B17BC306D774A04,AA33AA1CACC8C26E767C349BD5863426,VTS,1,,2013-01-14 18:52:00,2013-01-14 19:04:00,2,720,1.74,-73.973343,40.764301,-73.991982,40.749233
89EDF25F09051F3B29AB6BA77D1FBE87,DB67EC1EB015F732CCCC064C5F2A606A,VTS,1,,2013-01-14 19:04:00,2013-01-14 19:12:00,1,480,1.76,-73.989601,40.769573,-73.989975,40.751759
9499DEEC24A92B47EFD9D4D4CE49C3C9,B121BDAD95A726AAFBAE7603C7C2EE7B,VTS,1,,2013-01-14 19:08:00,2013-01-14 19:16:00,2,480,1.72,-73.981728,40.765598,-73.989273,40.745667
97A457D6A8CFD72A38C1E3897CFFB6B7,39F821D7035E0D69020B426C28B3FFFB,VTS,1,,2013-01-14 19:05:00,2013-01-14 19:17:00,1,720,2.24,-73.982185,40.7747,-73.990005,40.747288
9A7B15240D64B8C447FDAC7445D3A4A7,C674A19FC341C4564CD2A8D680E6EAE2,VTS,1,,2013-01-14 19:04:00,2013-01-14 19:16:00,3,720,2.11,-73.96769,40.763046,-73.991653,40.748901
CADF248C48EC7E185B489914485D8271,B54C105BE3FCC86D18158D3495179253,VTS,1,,2013-01-14 19:06:00,2013-01-14 19:16:00,2,600,1.16,-73.974907,40.756432,-73.989006,40.754311
53BA8E7B874A1B380C40B7F6A50CA15A,46AA04B9EBB46AB7EEDF096E85F98782,VTS,1,,2013-01-14 19:13:00,2013-01-14 19:15:00,1,120,0.74,-73.989769,40.751472,-73.994652,40.745853
2F8DBED755222B5737A440EEEE93D1FC,88664DD46D10A24F918F916E3AAE4524,VTS,1,,2013-01-14 19:10:00,2013-01-14 19:17:00,6,420,1.52,-73.978462,40.762321,-73.995567,40.74905
F1C9999513AF3506F13F6FB7AF823720,44709B19D9CA2C85E657CCCD5BCB67A3,VTS,1,,2013-01-14 19:03:00,2013-01-14 19:13:00,6,600,1.23,-73.974037,40.753517,-73.990311,40.751526
21F7D9C33000FF1E80A9581AF6BC1A4F,8F31468E79FD182ABA83473DAE4E99C6,VTS,1,,2013-01-14 19:12:00,2013-01-14 19:16:00,1,240,0.98,-73.98568,40.762875,-73.99099,40.750576
0C3D03822EC2B0DAABC565EF330580E9,7EB3F95BEE146557CED541F10B85F19D,VTS,1,,2013-01-14 18:59:00,2013-01-14 19:05:00,1,360,1.06,-73.998817,40.760406,-73.989998,40.752548
9DFBCD218E7116F34C044F0680A0FB8A,011707FD64AD1EBEA42A17AB71CB12BD,VTS,1,,2013-01-14 18:59:00,2013-01-14 19:05:00,6,360,1.08,-73.98542,40.759521,-73.994965,40.752773
4D254D147893657D7110E9DBE9483B24,22CA618759C716436EA3257480199A32,VTS,1,,2013-01-14 18:53:00,2013-01-14 19:06:00,2,780,1.39,-73.979073,40.761005,-73.995148,40.754848
1390FB380189DF6BBFDA4DC847CAD14F,BE317B986700F63C43438482792C8654,VTS,1,,2013-01-14 18:55:00,2013-01-14 19:07:00,3,720,1.32,-73.973686,40.757862,-73.989395,40.752941
693AB90E275CC6261A3E0F56CE94441C,2140A0E46AC36FFCA97ECAA22D3D859D,VTS,1,,2013-01-14 18:59:00,2013-01-14 19:05:00,1,360,1.07,-74.005608,40.750877,-73.992607,40.753082
790BCC5E600B53689C5920C40F9EECDD,175743321566294E18C585688226471D,VTS,1,,2013-01-14 19:09:00,2013-01-14 19:14:00,1,300,0.89,-73.982101,40.762329,-73.99015,40.751411
8D84D22AC7C633EC7D8ECE18258E918F,F546DFAEDC4DF3A7452C32521B15954D,VTS,1,,2013-01-14 18:59:00,2013-01-14 19:06:00,1,420,1.17,-73.973068,40.749531,-73.989326,40.752934
B672154F0FD3D6B5277580C3B7CBBF8E,FC2F8A825A9638CAEF004CB2910ED08C,VTS,1,,2013-01-14 18:59:00,2013-01-14 19:07:00,5,480,1.07,-73.994156,40.741035,-73.993134,40.75235
60F19C9FCCDB3E9A92FAD25CE18B3E54,45DA1701E9EAF9FEA4E58ABF197B712B,VTS,1,,2013-01-14 19:05:00,2013-01-14 19:10:00,1,300,0.9,-73.989662,40.762428,-73.996681,40.752853
9D331433C59D533FD6158E91FCFA68BB,0078BA33E03313B58559834168E7495F,VTS,1,,2013-01-14 19:03:00,2013-01-14 19:09:00,1,360,0.95,-73.983406,40.744034,-73.991165,40.748634
550DE61F56D157D38E1C96E23FA9997B,A4059D3805C1928F0716385C4B88766C,VTS,1,,2013-01-14 18:54:00,2013-01-14 19:07:00,6,780,1.69,-73.97554,40.760872,-73.993622,40.747898
EE8D55EE93F313FBE0BD7B10BFFD66EE,85FBAA801C51CF31386AF203EB5F8DC4,VTS,1,,2013-01-14 18:52:00,2013-01-14 19:06:00,1,840,2.65,-73.986366,40.730438,-73.991531,40.754955
7605CEF44F3D72835498D97AA47CCF11,AE2D814BE6054A0D74F03234B01F2299,VTS,1,,2013-01-14 19:05:00,2013-01-14 19:10:00,1,300,1.13,-74.008064,40.738777,-73.997498,40.746616
CD2319307E217878AA554374F4222157,043C19CDC692FF61D60BD7971B339161,VTS,1,,2013-01-14 19:00:00,2013-01-14 19:09:00,1,540,1.74,-73.99733,40.762226,-73.989494,40.745667
CBE2D853AA37439D5D74E624FB0DF46D,A2684EBA64DF0355705DFDF5E706E55C,VTS,1,,2013-01-14 19:00:00,2013-01-14 19:16:00,1,960,2.49,-73.96431,40.770451,-73.990944,40.750862
497EA6AC989E70C4912A3DF09AC49AC1,03F446E588244FA8CCA7C984C794685D,VTS,1,,2013-01-14 19:06:00,2013-01-14 19:18:00,1,720,2.4,-74.007828,40.723557,-73.989197,40.747349
19257CF49D07A9F536374B9E6670767B,93FBAEBF54FE69487090E63E9266FEC4,VTS,1,,2013-01-14 19:12:00,2013-01-14 19:13:00,5,60,0.48,-73.992889,40.742649,-73.99015,40.746387
55D2EE917A8B09124C74008264C09A53,D6CAC68B91A32F493FD915329C5951F3,VTS,1,,2013-01-14 19:21:00,2013-01-14 19:27:00,5,360,1.28,-73.989006,40.736874,-73.990906,40.750294
65C591C0CF3B4D3DF0BC715E8F36A6CE,5A7EBABDB4C0A4ADC7C4A4ADC245D678,VTS,1,,2013-01-14 19:11:00,2013-01-14 19:24:00,6,780,3.01,-73.968254,40.786655,-73.991234,40.750916
11CC6D79BE313DB3822B742375932D91,D71394AFA57E6A2647CFEFBFA38F396D,VTS,1,,2013-01-14 19:22:00,2013-01-14 19:27:00,1,300,0.94,-74.00296,40.739174,-73.993828,40.745853
8336E984996B06D27AE3782D51BA7F50,1B4F0F8E3F689BE327FA584B20C3AC8F,VTS,1,,2013-01-14 19:20:00,2013-01-14 19:25:00,2,300,1.07,-73.983604,40.761086,-73.989159,40.748863
DDC8665BFAD13659EAA8A39020420C43,D90BC66B22152F1074A630A065A29D71,VTS,1,,2013-01-14 19:14:00,2013-01-14 19:27:00,1,780,0.22,-73.98233,40.727772,-73.990623,40.750015
27A66351B6F3872FBF696EB66FFB983C,57EBFBD2EB8E56FA92E5BF2FFB3D29AC,VTS,1,,2013-01-14 19:20:00,2013-01-14 19:27:00,2,420,0.73,-73.986954,40.743748,-73.997246,40.747082
4ED353630A1A06576503432D745BFCF4,7D29AE653AD65A69B5638CA18555337E,VTS,1,,2013-01-14 19:16:00,2013-01-14 19:20:00,1,240,0.85,-73.98365,40.755775,-73.991035,40.751728
7F32B2AA49B5E0F9561EBAB7F65E1FFF,E31FB37363B91BBA9A627E9F7B484FAF,VTS,1,,2013-01-14 19:17:00,2013-01-14 19:26:00,1,540,1.09,-73.977417,40.75555,-73.989647,40.752716
E699001FE388BC13CA09E1C1B629C5C1,65D6B7A6D09DFE6E01AEFD0E1435A553,VTS,1,,2013-01-14 19:14:00,2013-01-14 19:24:00,1,600,0.14,-73.984711,40.766701,-73.99073,40.750771
784B680F3424E1E4EA068ACF701F3EFE,C3C02DE78E00E8B21337A2214BDA9B2A,VTS,1,,2013-01-14 19:11:00,2013-01-14 19:25:00,4,840,2.61,-73.958321,40.760464,-73.989761,40.751652
5A5765FCBB01AFC6E4873B7540F1A968,7FDDF33DF43D27A14C0C3AA7D1102DA4,VTS,1,,2013-01-14 19:21:00,2013-01-14 19:24:00,1,180,0.53,-73.986359,40.755733,-73.991096,40.750504
6B86F194A0E024B7E3F9F9C49141FD7C,C273795DD96EFB6EDCEAA451962359F3,VTS,1,,2013-01-14 19:26:00,2013-01-14 19:28:00,5,120,0.34,-73.986336,40.756214,-73.989845,40.752815
352608A9D2E895B5CF3A032A3199C672,2A7194445D7C19AB2C1E548D173C267E,VTS,1,,2013-01-14 19:17:00,2013-01-14 19:27:00,1,600,1.22,-73.977989,40.748856,-73.992935,40.746201
799153A138F4E8334A1A95AE25040B83,111C7538DB3C7FF1350EDA38C3FD49C3,VTS,1,,2013-01-14 19:18:00,2013-01-14 19:27:00,1,540,1.64,-74.000282,40.758156,-73.99247,40.747822
42CF438B45380565DF28CEF720AC2B99,39B7688B74F298A356833D9436B842B9,VTS,1,,2013-01-14 19:23:00,2013-01-14 19:27:00,6,240,1.17,-74.005821,40.7421,-73.995918,40.750122
1635013A3DBC21E8046AD3BC58F09956,6CAB17CED61CE0954D8E7E45E9186BC7,VTS,1,,2013-01-14 19:15:00,2013-01-14 19:28:00,1,780,1.48,-73.978935,40.736595,-73.991768,40.749336
A11B604A46C955FDA3C71C7DAB6235B4,E78EEBB90803A80DD4DD0114993A2D1F,VTS,1,,2013-01-14 19:27:00,2013-01-14 19:29:00,1,120,0.64,-73.985252,40.760426,-73.988937,40.753288
65076E5DD0580BF0A68A5A8236F68322,E3A6D38FE31198AB104AD3B9E599114D,VTS,1,,2013-01-14 19:00:00,2013-01-14 19:09:00,1,540,1.03,-73.978111,40.748211,-73.992729,40.753426
B6C81B3930CFA8348AAB20AFC7041979,17532BD996A2DE5273D5B1995E7C46D6,VTS,1,,2013-01-14 19:00:00,2013-01-14 19:09:00,5,540,1.92,-73.999863,40.748642,-73.988899,40.748074
90AC76396D3532869BDDDC68A11C7CA7,10BB3CCCEDC8CDBBDB605E84E315450B,VTS,1,,2013-01-14 19:02:00,2013-01-14 19:13:00,1,660,1.67,-73.972946,40.753166,-73.989288,40.747845
F95F86DA8A7EF5FED7F0F4B4C31DD6BE,A7B6FAB636C06B6BF622BBD94D7C09D4,VTS,1,,2013-01-14 18:56:00,2013-01-14 19:06:00,1,600,1.53,-73.98848,40.734653,-73.991302,40.750683
A89CFF4DF7463F62A14E261A026A4C93,AD2655F7B00F585097A34CFDB78FB191,VTS,1,,2013-01-14 19:01:00,2013-01-14 19:11:00,1,600,1.85,-73.999855,40.734043,-73.98912,40.74791
9E0FF4A265C054381E44CC424E964D3E,3097A7666F58FBA378774F3E3A48DE3B,VTS,1,,2013-01-14 18:59:00,2013-01-14 19:12:00,5,780,3.56,-74.012375,40.707588,-73.989517,40.749668
48CA4A12F75D480A33D7B2F66D4BA516,290DC30B5124967CD7C133062E0130AB,VTS,1,,2013-01-14 18:58:00,2013-01-14 19:04:00,1,360,0.9,-73.986847,40.760845,-73.990234,40.751934
FF91C1751D838A4D176A4919DD1808FA,F4C96DEDECF8615F76999CDCF1F238D0,VTS,1,,2013-01-14 19:07:00,2013-01-14 19:15:00,1,480,1.59,-73.979706,40.765503,-73.988937,40.753178
63E1CE031EDB33209F200A44A2A50532,DCD6A3DA3488EF99AAC46FE0EF41449B,VTS,1,,2013-01-14 18:59:00,2013-01-14 19:09:00,1,600,0.16,-73.969833,40.753029,-73.990799,40.75069
984981D1C37073D5B6BF9D11D2CDDB21,1B528B114F49A7CFF32A78C5A77BAF67,VTS,1,,2013-01-14 19:05:00,2013-01-14 19:11:00,1,360,0.91,-73.993126,40.752209,-73.992752,40.748547
D111EEC901448CEE65D1DF98F4E3CE10,ACC438D58E874CCD816F3B2B38F8AC06,VTS,1,,2013-01-14 19:03:00,2013-01-14 19:10:00,5,420,1.41,-73.991287,40.739643,-73.992188,40.753906
C9399F6FDCE64A44844ACEB3287765F1,7A499DF7CCD61B5E25EB2EEB11AA7D21,VTS,1,,2013-01-14 19:05:00,2013-01-14 19:12:00,1,420,1.17,-73.991547,40.742344,-73.990913,40.750465
E10567BBAD2900F3DA14BDBA064359F6,229E397B13A730B9868261F445CE8CC2,VTS,1,,2013-01-14 19:00:00,2013-01-14 19:10:00,2,600,1.72,-73.974037,40.753258,-73.990913,40.748703
E30604C525F236FB475249FFAC5AF95A,3BF38FF50D6DB3774E9ECD4F45465199,VTS,1,,2013-01-14 19:01:00,2013-01-14 19:10:00,1,540,2.11,-73.99971,40.72208,-73.993874,40.74651
A2B2E4DC64E3B3B9F8DCEF7551A38BEC,902DEAA1A28E6022CDD3542D5BF7CD92,VTS,1,,2013-01-14 19:01:00,2013-01-14 19:12:00,1,660,1.37,-73.975052,40.756813,-73.991356,40.748901
1636FA083146AF6AE18DBD059D04CA76,87A03DC876A92A69ACC46B119A5FD1B5,VTS,1,,2013-01-14 19:03:00,2013-01-14 19:14:00,5,660,1.25,-73.974648,40.756886,-73.990181,40.751701
EEDA2E71A0D833D602EBB33343E8DDDB,16F73246552D8379E0DDB3561C421F20,VTS,1,,2013-01-14 19:01:00,2013-01-14 19:12:00,1,660,1.5,-73.979057,40.75695,-73.994034,40.745853
717ABC0D502EC243CBF00EDFFB16032F,B2BD22CC9FCC67FAD66642E66DD784DE,VTS,1,,2013-01-14 19:03:00,2013-01-14 19:12:00,5,540,1.18,-73.977341,40.754162,-73.991005,40.750248
60B87DBDF025AE348F8286CAFE999F2C,8953362DA7C267D5CFE24C615242DBA9,VTS,1,,2013-01-14 19:01:00,2013-01-14 19:08:00,1,420,1.71,-74.006912,40.729229,-73.995361,40.749565
F53E203354CBBFCD8B2C51528033A67A,D8EAD42755D56E052385CC3C78E05F30,VTS,1,,2013-01-14 19:03:00,2013-01-14 19:13:00,4,600,1.45,-73.990044,40.734882,-73.990692,40.750675
5D240CD94C1D3DCF02A4A8700D2683F1,8DBE18D5BDA3381B34D2DA35A0F0C995,VTS,1,,2013-01-14 19:08:00,2013-01-14 19:12:00,3,240,1.08,-73.992874,40.762959,-73.995461,40.754387
15AFE3548AF724114C3644AA43E3A068,C42815F0F4E7490C7AAEFAC97BAFE566,VTS,1,,2013-01-14 19:08:00,2013-01-14 19:12:00,1,240,0.65,-73.985893,40.743252,-73.991684,40.748997
FCEE988647056B89E224A031E975F08D,6058B0005EDAAA05375297113052689D,VTS,1,,2013-01-14 19:22:00,2013-01-14 19:27:00,1,300,0.74,-74.000496,40.752743,-73.99086,40.751251
6EAB0A1E561F3CE1AB96C204196B3ECE,197C30C8A090D940F3152BAC035359AB,VTS,1,,2013-01-14 19:20:00,2013-01-14 19:28:00,1,480,1.28,-73.986404,40.759712,-73.989151,40.752071
C48A03519EC9BC3784F4323704B22572,792586C00751791CE8F1A3D70F32B6A5,VTS,1,,2013-01-14 19:09:00,2013-01-14 19:15:00,5,360,1.13,-73.977425,40.758629,-73.989197,40.752956
E12AAA89CF4777BC0E72510515F57BD1,61557CF97967EC3D5BDE4BFBDDECFD70,VTS,1,,2013-01-14 19:22:00,2013-01-14 19:25:00,1,180,0.4,-73.991646,40.759602,-73.994904,40.755417
2C510DFA485997264EBE4BE923CB87D6,2D9A35738272C90EC4739282898A1804,VTS,1,,2013-01-14 19:20:00,2013-01-14 19:26:00,5,360,1.17,-73.980858,40.765255,-73.990822,40.750725
E9A3CD6DAA7E1987F9779BAA22590D81,B02CA4EB2CDC1374F997EFA5A8E5A7A0,VTS,1,,2013-01-14 18:55:00,2013-01-14 19:11:00,1,960,2.28,-73.969398,40.316666,-73.992905,40.746502
895B94C2A676652890372A1DA0F5340A,48ACA93F72C90ACCA94C1D2359B64B62,VTS,1,,2013-01-14 18:52:00,2013-01-14 19:12:00,1,1200,3.14,-73.978561,40.786011,-73.991264,40.746647
0527F096CC48AA3116F3781CD2E94A39,829430CFCBB52C9AD7427E83DC8B5630,VTS,1,,2013-01-14 19:06:00,2013-01-14 19:14:00,6,480,1.43,-73.992012,40.764236,-73.990761,40.750874
DBE1CFB0376EA38F6373993A6322F1DA,62C2B907F162103194F3B3D4D1ACE854,VTS,1,,2013-01-14 19:06:00,2013-01-14 19:12:00,6,360,1.24,-73.994408,40.735451,-73.991371,40.749172
98A86D1B747E1C2BFE87214929D866D4,AFD2B319B2455F67B1C59E32921690CF,VTS,1,,2013-01-14 19:09:00,2013-01-14 19:15:00,1,360,1.26,-73.9795,40.766106,-73.991028,40.750217
453114075EF898A05B9D443DCB6EABD7,9DB9B17DD37BC0277046D95612A4F40D,VTS,1,,2013-01-14 19:04:00,2013-01-14 19:15:00,5,660,2.25,-73.982162,40.773861,-73.99292,40.752064
F1C63842BC47D1C30A1317560F24FD38,499375ECFF4B15F61E7E9819E4A4439A,VTS,1,,2013-01-14 19:07:00,2013-01-14 19:14:00,1,420,1.32,-74.007805,40.741875,-73.994705,40.750374
3CC0D37737D68AA1CDE104A0467E6D58,1CB856D4C92333A067196E23D73AF876,VTS,1,,2013-01-14 19:07:00,2013-01-14 19:13:00,1,360,0.77,-73.98008,40.745625,-73.990143,40.74823
37AD599DE9E504E47CDFB5A59E020127,335D0B5916E7E75AADA02C7D323B30F1,VTS,1,,2013-01-14 19:09:00,2013-01-14 19:13:00,1,240,0.56,-73.986443,40.74485,-73.991867,40.748924
A154EFA0695A29423B078C7F5D5B2CB5,F38E7C3381F28C9B3E51C0B6DDBDF68A,VTS,1,,2013-01-14 19:18:00,2013-01-14 19:19:00,2,60,0.45,-73.987404,40.75605,-73.990456,40.75127
6A5147CF2A3C5EC2658708FD2114F70B,38A4C7A8805AF6713CB3088441B9A102,VTS,1,,2013-01-14 19:06:00,2013-01-14 19:14:00,1,480,1.2,-73.985619,40.741222,-73.991043,40.750668
C30B82408DD8D5EF17A081494009A1A4,F2037A2C54652EFFB7CEAD7A0D91AA8B,VTS,1,,2013-01-14 19:12:00,2013-01-14 19:14:00,1,120,0.67,-73.994041,40.741234,-73.991722,40.749016
7DE23E40957A142A827081FA19EEC829,92062D924B1465FA8F194B27BFC59611,VTS,1,,2013-01-14 19:09:00,2013-01-14 19:14:00,1,300,0.85,-73.995949,40.746086,-73.995949,40.746086
96D97541155028A835417A6962E6EF18,ED659E6025D5FD02BB56EAB10D14335B,VTS,1,,2013-01-14 19:08:00,2013-01-14 19:19:00,1,660,3.0,-74.015701,40.714638,-73.9981,40.747589
43A470E49950BEF5E3AA469451D1D712,8054C608663B2B75A5CF15456090C863,VTS,1,,2013-01-14 19:07:00,2013-01-14 19:13:00,1,360,1.4,-73.982666,40.762814,-73.99408,40.74604
E5E920D707DB53738804EEB284401CFC,19D52C52FF434CFC9FF0683D9687A886,VTS,1,,2013-01-14 19:13:00,2013-01-14 19:19:00,1,360,1.27,-73.990967,40.737389,-73.995903,40.748299
5E860E759B836AD9B95A331F76909343,7FCCB209BB9D0029D61431B2FA9E8B3D,VTS,1,,2013-01-14 19:06:00,2013-01-14 19:15:00,2,540,1.22,-73.982704,40.746971,-73.995178,40.745842
D2B4FB1068872B5112040738821988A1,5F94A7BB869C832C9169244D487BDD9D,VTS,1,,2013-01-14 19:07:00,2013-01-14 19:17:00,1,600,1.44,-73.974792,40.76178,-73.991219,40.750408
80597D0E43BCBAFB5FB90ACBF8233A24,7166086150617248291556E6084251F7,VTS,1,,2013-01-14 19:11:00,2013-01-14 19:15:00,1,240,1.07,-73.987892,40.764755,-73.996735,40.747028
EBAF059FA9FE6F082A50F4C09C362B5D,E3E7127E1440D25C61047DB5FDB3457A,VTS,1,,2013-01-14 19:12:00,2013-01-14 19:15:00,1,180,0.34,-73.988113,40.749237,-73.990158,40.751743
4D1C0E10D63CFFB233D8F007F9F0B337,F11CEC12A6545814CAC0A1B02766222F,VTS,1,,2013-01-14 19:12:00,2013-01-14 19:16:00,1,240,0.64,-73.989182,40.74889,-73.991005,40.755371
497948F23936CDE084CDE55FEC259412,271077B4D080267A46909426340D5633,VTS,1,,2013-01-14 19:07:00,2013-01-14 19:14:00,1,420,1.19,-73.979843,40.755592,-73.993446,40.752087
16183FABEA1B2C53821A44CBFA0C1907,4034B61F66B8254CCE27597C7904FDE8,VTS,1,,2013-01-14 19:02:00,2013-01-14 19:18:00,3,960,2.44,-73.96627,40.773674,-73.988777,40.748718
8BF138EA0CF6FF83587993BECA6D6D59,B4B6B39CF21F17B6F95FD91FC48FDDB5,VTS,1,,2013-01-14 19:18:00,2013-01-14 19:22:00,3,240,0.92,-73.993416,40.741959,-73.98912,40.753048
6BCAEBA880046985998B8619300671E1,66C63810453492EEF86E1D418F377142,VTS,1,,2013-01-14 19:12:00,2013-01-14 19:17:00,4,300,1.3,-73.989967,40.735184,-73.989548,40.747463
389A20E67D9E24A76DAE17B8A9B92470,89AE40C4470781222A1C2AF8766AC5A5,VTS,1,,2013-01-14 19:17:00,2013-01-14 19:20:00,1,180,0.6,-73.997948,40.735779,-73.996384,40.74799
4BAE6D942BFE9A75CA494B728EA59D99,D928DADC0B6745BC5B807BA22BAC5CD3,VTS,1,,2013-01-14 19:09:00,2013-01-14 19:16:00,5,420,1.32,-73.973839,40.754578,-73.988785,40.748856
BC99EA47E536A77AC2C193ADA54920B1,6989F816C9BF0A8756416931B8516098,VTS,1,,2013-01-14 19:15:00,2013-01-14 19:19:00,1,240,0.96,-73.986816,40.751831,-73.992012,40.748501
801C69A08B51470871A8110F8B0505EE,91A07EEF642E8590C2EFD631C3DF89C9,VTS,1,,2013-01-14 19:08:00,2013-01-14 19:19:00,1,660,1.44,-73.973473,40.757973,-73.989899,40.752155
F8A229F4C6A7E9C28A49C5D584A52760,B0078FA4E4571F9A3E219B1DCB4566EF,VTS,1,,2013-01-14 19:16:00,2013-01-14 19:19:00,1,180,0.53,-73.994148,40.751587,-73.994263,40.755135
CE6D3C4070FA246E2E1742910FC435EB,53A209819EDDCAD6A11DE69633770EBF,VTS,1,,2013-01-14 19:12:00,2013-01-14 19:17:00,3,300,0.8,-73.984879,40.742287,-73.991707,40.749249
1BB54821B7AFFE9398A50A224A746745,17DC08EFFDDE62560671E5ACC9201743,VTS,1,,2013-01-14 19:11:00,2013-01-14 19:19:00,1,480,0.94,-73.995857,40.759167,-73.990494,40.752743
E4D5B759BC1D25B98DDD3980F3A4B65E,123297113B05938C9ED0368DC9F0BD32,VTS,1,,2013-01-14 19:10:00,2013-01-14 19:14:00,1,240,1.01,-74.006737,40.744125,-73.995819,40.748932
3B3844CB2A8A93781ACA8650B7A09C1E,15199276DAF68F1F7BF46A20DA90B3BA,VTS,1,,2013-01-14 19:12:00,2013-01-14 19:17:00,5,300,1.65,-73.996956,40.73661,-73.997887,40.746071
8CE757F6FB166778D9B279F83C9904E0,3606F6C82A686328812346F993389388,VTS,1,,2013-01-14 19:06:00,2013-01-14 19:17:00,1,660,2.1,-73.972267,40.762154,-73.995461,40.745937
DC888C3925E3B3E09814A7EBD032B266,32FD0D4885FB91AB4CEDEE027E88D272,VTS,1,,2013-01-14 19:01:00,2013-01-14 19:17:00,1,960,0.19,-73.9729,40.765068,-73.994408,40.753601
1E5E3701B0B5C262E5189FC49D806908,28536560A06E8A5FC45EF125DE79DC0C,VTS,1,,2013-01-14 19:07:00,2013-01-14 19:20:00,1,780,2.72,-73.974648,40.762367,-73.99073,40.750919
ED37C74EBBC22A6BDB408F3590DA5229,2C35FC92097A8BEDDF1F3FC30AD88C35,VTS,1,,2013-01-14 19:05:00,2013-01-14 19:13:00,3,480,1.16,-73.976456,40.751282,-73.991615,40.749054
0C2E004B7633C945431FBD624132B9A4,E0C99F0ECE0236514A2F15DB5E8CECB0,VTS,1,,2013-01-14 19:01:00,2013-01-14 19:14:00,5,780,2.89,-73.993195,40.724411,-73.98893,40.754784
3B3BF1F4AD0BBA3965AA84436F81B497,5B52C90E26F876A145D616533C69A685,VTS,1,,2013-01-14 19:11:00,2013-01-14 19:15:00,1,240,0.94,-73.991493,40.760124,-73.991119,40.750835
CBC320D48FA570BDA369C83F786868EF,F0D099D9946A232C42B82E63B1FC8095,VTS,1,,2013-01-14 19:13:00,2013-01-14 19:20:00,1,420,1.14,-73.986099,40.76236,-73.989807,40.751663
9947A87931263EBE0D9F476F01929C3B,FDE0E0230C77F0C3BD7A9D5C83712724,VTS,1,,2013-01-14 19:10:00,2013-01-14 19:17:00,3,420,1.23,-73.975487,40.755276,-73.990074,40.751205
4ACBA958750C482F16F43A590D88645C,F3C2CB9C99DF6B16F5B779335E85BE73,VTS,1,,2013-01-14 19:09:00,2013-01-14 19:19:00,1,600,1.97,-73.967636,40.756195,-73.991173,40.748829
B09DCB89131DBC1307F6EF881B49492A,3A8B017EC7ECC568AF54F39D955E49B5,CMT,1,N,2013-01-14 19:15:08,2013-01-14 19:21:43,1,394,1.4,-73.972893,40.752876,-73.993446,40.752193
05E7D41E0502D5B00CF4B4E6340AAF26,21A83CCC48BD160209CE4073E8582CCE,CMT,1,N,2013-01-14 18:55:33,2013-01-14 19:02:39,1,425,1.2,-74.00544,40.750854,-73.990997,40.753002
5C8666B4FBB82345AA47904E5BF2DE87,0D1EE2BD44394DEA1E95C87438829C90,CMT,1,N,2013-01-14 18:56:55,2013-01-14 19:07:01,1,605,1.7,-73.98175,40.768204,-73.993355,40.751411
63F59698DEFC0A23567762261610FF01,7E68EF070A507F231DD5295CEDD6B4DB,CMT,1,N,2013-01-14 18:54:45,2013-01-14 19:01:32,1,407,1.0,-73.990723,40.742031,-73.997963,40.751442
458F332416DF364D2E0DC522F2D3CC02,B2DE686E331F4A7D9B0F483387893A69,CMT,1,N,2013-01-14 18:58:40,2013-01-14 19:07:07,3,506,1.4,-73.998596,40.760502,-73.991547,40.746624
76CC1C15F042FF0C1591816A14C70587,3DEB8DA1A4DDAFFF5F9B5BE2819EEA7D,CMT,1,N,2013-01-14 19:15:08,2013-01-14 19:22:58,1,469,1.6,-73.971428,40.757633,-73.990265,40.74818
469F250223E3C6B213079BDC116DA38A,9F2D5210E78A4AA91A5A854BD445638A,CMT,1,N,2013-01-14 19:17:32,2013-01-14 19:22:51,1,319,1.3,-74.006012,40.745213,-73.993744,40.754852
155C36B942D6B6DC04E6BE24D8484FF2,2371E614484D8CA115A88951CEB22E58,CMT,1,N,2013-01-14 18:52:35,2013-01-14 19:03:31,1,656,2.4,-73.997246,40.721786,-73.997108,40.747147
43D85E4D101135DDFC1BC16DF53665FE,8C910084DA8D1898E10A245E6EC1C303,CMT,1,N,2013-01-14 18:54:24,2013-01-14 19:03:34,1,550,1.8,-73.999329,40.724995,-73.99025,40.74683
36CD8C29F77E2F6CBFFA96246F56DF76,F801CDC648A484E87540694FAA2D6DC3,CMT,1,N,2013-01-14 18:56:10,2013-01-14 19:02:52,2,401,0.7,-73.993568,40.751961,-73.990807,40.752853
F5099368FC6B7D8D3B39132C468EE0C5,87719F953B9FB2100DB78DC758FAA63E,CMT,1,N,2013-01-14 19:16:32,2013-01-14 19:23:08,1,395,1.8,-74.006416,40.732796,-73.992363,40.753937
7257A55FFAB4C29F08A9A40F510FC2B6,E3590A87560D47E221285458CEAC02E2,CMT,1,N,2013-01-14 19:17:57,2013-01-14 19:25:46,1,469,1.2,-74.000748,40.757969,-73.994453,40.748512
19A095652A2DE86D40B230E95F0286B2,4727D7C84A0819D8C1FB37D0BFAF6E7D,CMT,1,N,2013-01-14 18:54:08,2013-01-14 19:07:26,1,798,1.7,-73.978752,40.762375,-73.994125,40.750351
9388CABD5CADC452062F2A97FE8B7AB9,52BF5C0662A50D7AD57CF900FA86829F,CMT,1,N,2013-01-14 18:56:36,2013-01-14 19:09:41,1,785,3.4,-74.01548,40.711479,-73.994583,40.750553
A00F1F577EAFDCAB8D58785771E99F43,206540761592C9ACB766E03312E23801,CMT,1,N,2013-01-14 18:58:22,2013-01-14 19:02:26,1,243,0.8,-73.990234,40.738594,-73.992531,40.746319
BF6743B1DDB972397B633E6D4C72D57F,21E0E59C4956568773EF2D1F876CF73B,CMT,1,N,2013-01-14 19:15:33,2013-01-14 19:20:33,1,300,1.5,-73.996429,40.76355,-73.998466,40.746063
CD156A05ABAB47BD721A1D69BBD9017A,85C34ACC7FC914E9197FF22128B8A242,CMT,1,N,2013-01-14 19:19:21,2013-01-14 19:25:17,1,355,1.6,-73.979729,40.760838,-73.997459,40.746655
AD3BC489D59501123051E8FE7C7BAACE,108CE84A25C9E3CFF0FD984236A90C12,CMT,1,N,2013-01-14 19:15:30,2013-01-14 19:20:25,1,294,1.2,-73.999954,40.761398,-73.996384,40.748585
ACAFA7351E7972CCB501521383644E9E,6D39E1934DB8C2B53837781F34CB58C3,CMT,1,N,2013-01-14 19:14:49,2013-01-14 19:24:03,1,553,1.3,-73.978317,40.753548,-73.995979,40.753716
A6E46CCD4542CC4A034A3B4BC25B5A23,8DF90199AA2703679C0B1D2486C1654D,CMT,1,N,2013-01-14 18:56:59,2013-01-14 19:05:46,1,526,1.4,-73.974533,40.741772,-73.992851,40.753109
55B0BFBBB807DF19B583C5062DC0DEA4,D9149CD80ABD65C33292280E520E6F4A,CMT,1,N,2013-01-14 18:56:08,2013-01-14 19:05:19,1,550,2.2,-73.992561,40.730549,-73.993645,40.752033
E772FEDFB061CE37BC627F9C5FFA3D2F,2A5C6C4F7788E060DC925D35A58D517A,CMT,1,N,2013-01-14 18:53:49,2013-01-14 19:05:46,1,717,2.1,-73.993958,40.72448,-73.989502,40.747498
7F91907E8C9FF4C4EA1F41032DD7D2F4,D310F7FD3D2E84ABF5FAE038A4281866,CMT,1,N,2013-01-14 18:57:47,2013-01-14 19:12:48,1,901,2.8,-73.961021,40.769966,-73.994987,40.751877
76EEA46F26DE98F4EC585F679D71B416,48AAC816C248C98A8C71BF0168A6C303,CMT,1,N,2013-01-14 19:19:01,2013-01-14 19:23:12,1,251,0.6,-73.992455,40.753235,-73.994461,40.745831
E7E1ED794DE488171E5F3B4BA0633F0C,8F3C7C041F74DDC6FCA85B9C31A41407,CMT,1,N,2013-01-14 18:58:15,2013-01-14 19:03:19,1,304,0.8,-73.982292,40.762897,-73.991432,40.749859
F55993E6D22D458A8F4A69AB38FF48CE,5DFAAE2ECB2A7D94E91C7C543C9F5CFD,CMT,1,N,2013-01-14 19:19:07,2013-01-14 19:25:51,1,404,1.5,-73.978661,40.76302,-73.994705,40.754429
2F15B39D5CC3C332688612724EF80F01,693BD6C035A68D439BBFFAB72EB4CFAA,CMT,1,N,2013-01-14 18:56:42,2013-01-14 19:14:14,1,1051,5.5,-74.012604,40.702721,-73.99263,40.748192
E1E2D94B0562F90D356D3C4B14CF229E,8F1209308C3ED4557EAC202094BA8068,CMT,1,N,2013-01-14 18:56:29,2013-01-14 19:00:59,1,269,1.0,-73.998665,40.734959,-73.988983,40.748291
34B82317E4E97EAD398A58DFDC712713,662B9CD9DFF1FAC24921B7026B3D3E2F,CMT,1,N,2013-01-14 19:15:43,2013-01-14 19:22:08,2,385,0.9,-73.991364,40.745041,-73.995842,40.753937
93C3308898439BAB331070D24DBC0977,D5608A54E86BDBE473C7FF7BDC39A728,CMT,1,N,2013-01-14 19:18:52,2013-01-14 19:23:56,1,304,1.2,-74.005943,40.736511,-73.993408,40.752033
7A2F57FB676204CE127853F7B9CF9E84,C9C69DB62DF52253A94D5B6AB8CA526E,CMT,1,N,2013-01-14 18:54:08,2013-01-14 19:16:31,1,1342,9.2,-73.874611,40.773952,-73.991905,40.746696
4CE8C41FACC5889E95A7DF77041D379D,D9C4C84C4BEA08BDA015D5C168F2901A,CMT,1,N,2013-01-14 18:56:30,2013-01-14 19:08:06,1,695,2.1,-73.976906,40.779915,-73.993797,40.752403
4EB4634B8532E84856255262E774E78B,99BFB25C7835153C07F5D46842852344,CMT,1,N,2013-01-14 18:51:43,2013-01-14 19:04:05,1,741,2.2,-73.991676,40.726456,-73.994209,40.751301
AA1008984C56DA85FFBA7E87F93DBDA8,1E85D86D8A7ACFC7DD7127C187ABCD0F,CMT,1,N,2013-01-14 18:54:56,2013-01-14 19:03:54,1,537,1.6,-73.993011,40.729885,-73.990379,40.746532
5132562861C5A605C20EAB9EF86EFB37,8FBBC509BAA757487347E784D51E989C,CMT,1,N,2013-01-14 19:19:41,2013-01-14 19:27:44,1,483,1.1,-73.978477,40.750793,-73.991341,40.748837
ED15611F168E41B33619C83D900FE266,7624D64FAB4ED42B2ED441055D3DDE68,CMT,1,N,2013-01-14 18:55:29,2013-01-14 19:07:48,1,738,2.5,-73.972984,40.785213,-73.996811,40.752693
22908753E00888CC219C875C8D5BC4F6,30D9DDB6711AF8E7664C91DC29BB2CA3,CMT,1,N,2013-01-14 19:20:31,2013-01-14 19:28:27,1,476,1.4,-73.978096,40.763306,-73.990196,40.751743
419FD46C50CFA0CFD57170AC0D580310,74D5716602497971D0BB6B8CB75A33D8,CMT,1,N,2013-01-14 18:55:45,2013-01-14 19:01:10,1,324,1.7,-73.992989,40.768215,-73.991531,40.751297
5C4E04F8A6799BE2A8899ADED33FBDB8,DD05B258D4433FE492696DFB2DA308F0,CMT,1,N,2013-01-14 18:58:14,2013-01-14 19:03:51,1,336,0.9,-73.981354,40.762463,-73.988754,40.751942
8DA70C3110D8D9C4866512B25C80F9C1,FE6F47FA64A87238343D92A239DF433C,CMT,1,N,2013-01-14 18:58:29,2013-01-14 19:11:18,2,768,1.8,-73.976913,40.759495,-73.993057,40.751663
240E92D67E4EA502E573E63183028DAB,55AE4C3CC23A5C6F949E2490F47A0769,CMT,1,N,2013-01-14 18:52:43,2013-01-14 19:13:30,2,1247,4.6,-73.963753,40.808681,-73.995842,40.753098
59F15CDE7759C0E951BDEBA648620422,ADADC8964B0550C8C240454314A1AB09,CMT,1,N,2013-01-14 19:15:17,2013-01-14 19:22:46,1,449,1.1,-73.97702,40.754517,-73.991531,40.750546
A08966EE5F3A16148E008144ECB9706E,4D7FCCC085BDED031EF34E92C876B27F,CMT,1,N,2013-01-14 18:57:48,2013-01-14 19:01:02,1,194,0.9,-74.006813,40.735119,-73.998032,40.745846
2B131E11C91746501DB1E449ACFDDED5,2C24F168E6F6B8EC4A4D96E575C0EC40,CMT,1,N,2013-01-14 19:20:31,2013-01-14 19:28:39,1,488,2.8,-74.010132,40.720474,-73.994888,40.750069
11578E2A34531EC7A48F4C828D80264D,92A6CA796BE1C7D021426D2D503AAF88,CMT,1,N,2013-01-14 18:57:17,2013-01-14 19:04:13,1,416,0.7,-73.981506,40.745914,-73.993469,40.747223
7C7EA825806A49F10411C1F6656E4B6B,86683BE17B4888F5B42FC75BEDB782D7,CMT,1,N,2013-01-14 19:13:50,2013-01-14 19:21:19,1,449,1.7,-73.994942,40.736393,-73.991249,40.755554
EE5A9D77A3A50F1102FFBD93A2FB21C3,915FB072241927ADFCEC2399DE6EFF59,CMT,1,N,2013-01-14 19:14:27,2013-01-14 19:21:11,1,404,1.0,-73.978073,40.752003,-73.991165,40.750111
21FA2CE8EE7DA11B3A7DEAAEC453F560,F82F8C34B4CF61159B4B1AED65531243,CMT,1,N,2013-01-14 19:10:10,2013-01-14 19:21:00,1,649,0.7,-73.977173,40.75172,-73.990021,40.753345
7FFA9CB04343F2B0FEA0D081AB446D14,B28B7ADA413E150653BACB1A03A8F01D,CMT,1,N,2013-01-14 19:19:59,2013-01-14 19:27:10,1,431,1.5,-73.975128,40.762096,-73.992294,40.749443
83A9A9A7F77DAEA9908E01E4D1840E19,0BAB34E9D11CB6EAB714817B5BD91AC0,CMT,1,N,2013-01-14 19:06:35,2013-01-14 19:15:22,1,526,1.1,-73.983521,40.761322,-73.99588,40.748791
50A6CC5D66013FA3DCCB7777481FFB21,A0C7F56B74AB6A80B8B602B8F46262A8,CMT,1,N,2013-01-14 18:57:39,2013-01-14 19:16:04,1,1105,4.3,-73.953056,40.788654,-73.993401,40.754143
5E7AD823017DE44E84E80DCCC6A2A366,FD1444F9585C02E88E2F98C4719DF717,CMT,1,N,2013-01-14 19:06:59,2013-01-14 19:15:50,2,530,1.4,-73.979347,40.763199,-73.993156,40.753685
25B987AB9F5FF5C4D634F386138792E3,10884574C406208A7E5CF67FD766EE1B,CMT,1,N,2013-01-14 19:10:13,2013-01-14 19:17:26,1,433,1.3,-74.005554,40.741085,-73.994698,40.750313
859015006B86E24555926C8FF4BAF9DC,85834C13F7152EA973CCC08F0CC7A0C7,CMT,1,N,2013-01-14 19:11:25,2013-01-14 19:16:57,1,331,0.9,-73.977898,40.753166,-73.988754,40.747002
B3CE7DEF48282F6A41E82B029386A868,9512F5574FE6DE18474D66EEB0CB417D,CMT,1,N,2013-01-14 19:21:16,2013-01-14 19:28:10,1,413,1.0,-73.974007,40.747356,-73.99115,40.749954
FF0622D5D4D01EB3CAC0660AC89B3C14,9892DA8E5A8EBD708D428679F2CC796B,CMT,1,N,2013-01-14 19:25:17,2013-01-14 19:28:01,1,163,0.7,-73.984947,40.748642,-73.996101,40.753464
35E11D9D2AE5C8A80261CF6A309BD9FD,6167D856E4DA952F2938F2846172173E,CMT,1,N,2013-01-14 19:10:00,2013-01-14 19:22:00,1,719,1.6,-73.971771,40.760284,-73.990448,40.755539
B222E2CE87963880CCBE410780F4146E,4102BE84135180EF979D552233708E7F,CMT,1,N,2013-01-14 19:09:25,2013-01-14 19:23:43,1,857,3.4,-74.009811,40.706779,-73.994415,40.750751
CEBDF34FE2DA2E9233B87C2E703004FF,D9EA31E70BE082F423D42860FD4BD240,CMT,1,N,2013-01-14 19:11:08,2013-01-14 19:24:24,1,795,2.9,-73.980309,40.783726,-73.993797,40.747364
653BDBC02AFDAFD5F690DEE0E495D801,0CDF71B51072B089A980559E6E1739F0,CMT,1,N,2013-01-14 19:07:12,2013-01-14 19:15:03,3,471,1.1,-73.974655,40.742088,-73.992592,40.746227
F03D052C4CF17180E9E66C0277A558A8,3C498E876563F041574B06D827C884B7,CMT,1,N,2013-01-14 19:08:02,2013-01-14 19:14:52,1,410,0.8,-73.986649,40.742527,-73.990059,40.751831
DDA984059689DE7149D7ADB1D88CD556,DC4D3A6D20FAAA35ABF46A1338582FDF,CMT,1,N,2013-01-14 19:17:49,2013-01-14 19:29:38,1,709,2.3,-73.981262,40.781029,-73.99176,40.749714
0D9DF264CBB8549C7A3549EAD5548B07,D0EE177D3D54A3E1E9FD691897B669AB,CMT,1,N,2013-01-14 19:15:38,2013-01-14 19:26:11,1,632,2.5,-73.99707,40.722282,-73.991295,40.750095
AED42731D27E4B573D9B007D2EAA35B6,B203F68696EB2FB3FDDE6C6D1D8AE37E,CMT,1,N,2013-01-14 19:12:52,2013-01-14 19:22:36,1,583,1.6,-73.976509,40.759739,-73.994392,40.750385
C629CAD613023D8928F91501E2A75B6B,6D0330301FD4885C138B14EAC58ADEC9,CMT,1,N,2013-01-14 18:46:43,2013-01-14 19:05:40,1,1136,2.7,-73.960098,40.766369,-73.994087,40.751369
11E75EE1060FC3DD7DCCAC2CB5D8F9C1,79E24A2DF8B0694BD6FC782F174746FD,CMT,1,N,2013-01-14 19:07:24,2013-01-14 19:11:17,1,232,0.9,-73.99276,40.742847,-73.995438,40.753143
8F7888300ED94F70A1A253325164B994,FED36ECAEBB269972750877979935370,CMT,1,N,2013-01-14 19:08:47,2013-01-14 19:10:52,1,124,0.7,-73.985374,40.758453,-73.992188,40.749435
336E7234B5A3C7701DEC781DD9153CD3,114929005EC2DE8EBBFA1566445F50B1,CMT,1,N,2013-01-14 19:10:11,2013-01-14 19:12:56,1,164,0.6,-74.005539,40.750862,-73.998589,40.755207
76E1DDD13AE255EF20FB0981785CFF56,1A87AFEAF234870853D8DAD919B13E4D,CMT,1,N,2013-01-14 19:09:15,2013-01-14 19:13:03,1,227,0.4,-73.984177,40.745819,-73.991882,40.749012
DF681D7A829430AEE83AAF5CCC078407,564919010146411146C03B737DD36D77,CMT,1,N,2013-01-14 19:08:24,2013-01-14 19:13:12,1,288,0.9,-74.00547,40.750851,-73.994553,40.750572
F7EBE590615D87E3815AE382F8A8A967,5A11A676E8C384F17F5C3DA43E4F2666,CMT,1,N,2013-01-14 18:38:56,2013-01-14 19:01:18,1,1342,3.1,-73.955063,40.76886,-73.991417,40.750988
B274CC14971D437B1278F4741085D9D2,20AA4CC55C31482AC2B2C511DB22906C,CMT,1,N,2013-01-14 18:49:57,2013-01-14 19:00:25,1,628,1.1,-73.977295,40.742756,-73.991226,40.750175
556EAA26F84E375428E772B24017E70E,6F51E2F29636D3A67D0AEB7C21DFE578,CMT,1,N,2013-01-14 18:47:33,2013-01-14 19:06:51,1,1157,3.3,-73.952286,40.768963,-73.994263,40.751755
F570FA2341DBC7F375C5124F18632CC3,9964A5C32F7E8DA6876704B0AAF87BA0,CMT,1,N,2013-01-14 19:22:04,2013-01-14 19:26:59,1,294,1.3,-74.008102,40.739231,-73.994095,40.751434
1D099E2707F4589407DEED3B31D0E132,08F0A9B386E23D00B07836AA944D600F,CMT,1,N,2013-01-14 19:10:30,2013-01-14 19:14:33,1,242,0.7,-73.994492,40.740524,-73.991295,40.749317
E2592DA19DD99FEB2E1A3EDA98A0F36D,E4659BC4C127C4CEE1DD3BF801A8C6F5,CMT,1,N,2013-01-14 19:12:14,2013-01-14 19:15:26,2,192,1.1,-73.996994,40.737206,-73.991371,40.750305
7B443EB37B73CA0ADF91CDEBA241101B,C82BB3EA982A6865F938C0D1CD617C45,CMT,1,N,2013-01-14 19:08:16,2013-01-14 19:14:21,1,364,0.7,-73.984985,40.742935,-73.992241,40.749165
81D33E414D42F6050798295710B1FDFC,10518F0304D6BF11B4FEB0798B035BBF,CMT,1,N,2013-01-14 18:47:17,2013-01-14 19:00:53,1,815,3.7,-74.009933,40.714699,-73.990074,40.748196
A47FB1D347752EB3F11FFB63A5DFC86A,8084473C7656FD2BE2A9AE9C5E1A6B47,CMT,1,N,2013-01-14 19:20:08,2013-01-14 19:26:17,1,369,1.3,-73.982445,40.763,-73.99855,40.754326
6DE0E15E791A345AF47FDBA19D0649B0,869CFBF328D827436C4268A8BA6ECCA4,CMT,1,N,2013-01-14 19:07:34,2013-01-14 19:12:51,1,317,0.9,-73.99057,40.746223,-73.98909,40.748028
FC9C6D93F813381AA36EC54ED77E3B50,A03B9317BAFD723B0EF252D17F2BC8EA,CMT,1,N,2013-01-14 18:50:41,2013-01-14 19:01:55,1,674,2.0,-73.968224,40.755352,-73.994583,40.75029
0E7F7B53E9E13770D1CF589C5C3871B9,336D80820DA08AFFAA273C07403731EC,CMT,1,N,2013-01-14 19:07:32,2013-01-14 19:15:48,1,495,1.4,-73.976311,40.750938,-73.994865,40.74934
76EEA46F26DE98F4EC585F679D71B416,48AAC816C248C98A8C71BF0168A6C303,CMT,1,N,2013-01-14 19:10:51,2013-01-14 19:17:39,1,407,1.2,-73.982628,40.762627,-73.993172,40.753551
27B6C51FB80E200BEB61EF964DFE0334,AD1CD844EA1CFAC307F7FD71CB75DFB7,CMT,1,N,2013-01-14 19:09:49,2013-01-14 19:18:58,1,548,2.1,-73.985184,40.727726,-73.996651,40.747913
E807403B8C181E55DFFE25489CC025D2,BF51059B67A9314E4BBCEE6720598847,CMT,2,N,2013-01-14 18:40:38,2013-01-14 19:10:26,1,1787,15.9,-73.806351,40.652473,-73.994637,40.754333
9B41C4BBAE5EFE69CCD2B7276DFC0F8E,31888F4431594EF78623642A05762F69,CMT,1,N,2013-01-14 18:45:14,2013-01-14 19:11:20,1,1566,3.3,-73.957642,40.776691,-73.992477,40.747265
E91D49F7348E7A4472F34C3E683BF68C,258433D9970B4EEDFEA9D079F5913219,CMT,1,N,2013-01-14 19:07:32,2013-01-14 19:16:48,1,555,1.2,-73.977409,40.759785,-73.991188,40.750343
612F3A61DB0692560B6C0ED832285376,46E30005D18016CE830F4C03C415D232,CMT,1,N,2013-01-14 19:10:33,2013-01-14 19:16:51,1,378,0.8,-73.980766,40.755417,-73.991432,40.749592
FB931A461366B35689DA9C7964973513,A0C157A5C34C7AFE34ECAA0A57448CAF,CMT,1,N,2013-01-14 19:13:10,2013-01-14 19:18:15,1,304,0.6,-73.985664,40.744408,-73.994186,40.746452
CAB8403C311970DB7A473869CDD60A6E,F0AC5DC1748E49D2B4E5DFD516B29FD7,CMT,1,N,2013-01-14 19:08:24,2013-01-14 19:18:06,1,582,2.1,-74.003082,40.723434,-73.989662,40.749619
EC6FB5AA27AB0FE91C176C3CE9D0B75B,43D04945BE78BA1796EF99E25975D2E2,CMT,1,N,2013-01-14 19:06:58,2013-01-14 19:16:39,1,581,1.6,-73.971123,40.757374,-73.991806,40.74855
E13DE8D369EBDD25476D01246AE86628,9C402E4AAB55828337C2A95E4D5418F8,CMT,1,N,2013-01-14 19:07:29,2013-01-14 19:18:18,1,649,2.3,-74.008842,40.724426,-73.991699,40.754608
28F0038406C72B06FAD7593617C681B1,ABE08BCFEBF3F5F7339CA2170EEC1DEE,CMT,1,N,2013-01-14 18:49:14,2013-01-14 19:03:56,1,882,2.2,-73.967178,40.760136,-73.997955,40.751167
11255D0D604A3A006072C57DE81D7ED2,F554ED01B1DA0828B956446E40231C46,CMT,1,N,2013-01-14 19:11:36,2013-01-14 19:20:11,1,514,1.7,-73.984879,40.739765,-73.993996,40.751614
B3AB71B18E8F4470CFF0F11CDB91D286,A59A74F32FDFB59430AAC596A2B54FA6,CMT,1,N,2013-01-14 19:12:00,2013-01-14 19:18:59,1,419,1.3,-73.973732,40.754959,-73.993492,40.754887
4CBB969704082EACA26EB6AA13D5249A,A724A40C4566B1162757EDCF788CE944,CMT,1,N,2013-01-14 19:12:18,2013-01-14 19:19:54,1,456,0.9,-73.986763,40.739708,-73.991165,40.748638
D1FDCB013C36EEB1BDABC559A84970A0,DA25D8D73D66558001C9545E9F5B8ACC,CMT,1,N,2013-01-14 19:07:56,2013-01-14 19:18:56,1,659,2.3,-73.987679,40.779392,-73.992371,40.753727
2D4B95E2FA7B2E85118EC5CA4570FA58,B85E259657558128B03970B5E4365B4A,CMT,1,N,2013-01-14 19:11:49,2013-01-14 19:20:16,1,507,1.0,-73.981056,40.741238,-73.991127,40.750286
381CF24E6C3DE419EA653B890DFBC4BE,E0886A51383AD5087D6F026CB7D8FC2D,CMT,1,N,2013-01-14 19:10:32,2013-01-14 19:21:04,1,632,1.5,-73.973907,40.751305,-73.989876,40.749744
B395FD78CE1C5433FF5AC2CBC53D7512,423A39DC77C14CA5EBF10EDFAE164267,CMT,1,N,2013-01-14 19:13:30,2013-01-14 19:21:23,1,472,1.1,-73.978233,40.753941,-73.992279,40.750633
3D54C9C03AE7C2FE446F413648C346FF,A2F5E10A7AF7DA2BD89BC6678BFDB2B8,CMT,1,N,2013-01-14 19:26:33,2013-01-14 19:28:53,2,140,0.3,-73.989738,40.752239,-73.991272,40.750183
7BB584EB81171917EDD2DF1B7744F0E9,2291664C31D8075A87DB91E82294A73E,CMT,1,N,2013-01-14 19:22:50,2013-01-14 19:28:41,1,351,1.7,-73.984306,40.767361,-73.99601,40.748318
A812B0766CCCB1F20B9DBDC48DA0A003,F5CE86DD34AE4840FAA224432C50FE37,CMT,1,Y,2013-01-14 18:58:35,2013-01-14 19:00:27,1,112,0.6,-73.98613,40.757671,-73.991631,40.74921
67BB49360B9CB8EBC2C1F007A6AF85B4,9D53FC03D39CD873CA906BA1F9F4926B,CMT,1,N,2013-01-14 19:23:16,2013-01-14 19:29:37,1,380,1.4,-73.998688,40.734856,-73.993683,40.751904
B4AEED26051E81A988BC637F94AFC0E0,E67E374AE149C6EE0BE565E0C285F76D,CMT,2,N,2013-01-14 18:30:24,2013-01-14 19:03:59,2,2015,17.6,-73.781937,40.64455,-73.993561,40.752132
FEBD33521DA40D3FECC7FBF235CB9274,91DBED8F157F66122ACF3B08FDC93D85,CMT,1,Y,2013-01-14 19:02:09,2013-01-14 19:08:32,1,383,1.0,-73.999802,40.757336,-73.99408,40.75135
E6FBF80668FE0611AEA44FD9574A7E32,36773E80775F26CD1158EB5450A61C79,CMT,1,N,2013-01-14 19:05:24,2013-01-14 19:09:40,1,255,1.0,-73.986679,40.766243,-73.993958,40.754265
355ECB19CA66BC48C540DBD03FB07D98,BD6C476AE957AC9F37EB66850DCAD8C6,CMT,1,N,2013-01-14 19:03:02,2013-01-14 19:10:01,1,419,1.2,-73.993057,40.742023,-73.995384,40.755539
B923F12C88190D0D54C1F7291B773868,FBEC7D58A818486C8DEB58EEB951B2AE,CMT,1,N,2013-01-14 19:03:01,2013-01-14 19:11:46,2,524,1.8,-73.977806,40.761227,-73.996124,40.753349
CE6A3613930660B3202458C6F041DB6F,66047AD6A0AE796D2E812307D3E8C24D,CMT,1,N,2013-01-14 19:04:16,2013-01-14 19:10:04,1,348,1.3,-73.996376,40.763584,-73.991325,40.751205
AB6D4655958A45070F457B21CC1F215C,BA53D5EDCFB8C6B26D1A99531FD35397,CMT,1,N,2013-01-14 19:05:54,2013-01-14 19:10:09,1,255,0.6,-73.998367,40.75832,-73.991592,40.754555
B0053FF54D4CD3D52C1F1C3730B32127,53C4C55016FE8671A2CE155A13AA4212,CMT,1,N,2013-01-14 19:01:14,2013-01-14 19:09:26,1,492,1.5,-73.987808,40.765324,-73.98951,40.748753
084BAC69A543366FE55081D436F1CF6D,004B01C34C9C43A30A4D83C4DCCE7AF9,CMT,1,N,2013-01-14 18:59:46,2013-01-14 19:10:50,1,664,1.8,-73.96714,40.757015,-73.99118,40.748859
AA105C297823E6DA7FFADCED7B9F1A2D,824A29E343A5543288BA1DCCC71BDF35,CMT,1,N,2013-01-14 19:03:07,2013-01-14 19:12:39,1,572,2.0,-73.993431,40.727207,-73.991913,40.748531
58DF8C30CE3BF72E9CF88B77AC18B04B,E8F7A4624C6D8BC88F8914F20315F14C,CMT,1,N,2013-01-14 19:04:18,2013-01-14 19:09:52,1,334,1.3,-74.007439,40.733181,-73.995232,40.74971
133F5411638617AE260B643954683602,7CBF0A7949EBB159E27B4ED015AA6279,CMT,1,N,2013-01-14 19:00:15,2013-01-14 19:11:12,1,657,1.4,-73.999809,40.754517,-73.98864,40.749039
9483C06260980484FF1335EDB3D2A76F,8AE2B40B5767BD1B9D6F3362B15D4AE3,CMT,1,N,2013-01-14 19:05:07,2013-01-14 19:10:15,1,307,0.8,-73.979912,40.754108,-73.990555,40.749683
8521BB0C99BD08A01B290EDF6C55B02E,84B293DDFDE3F3E57A9FAABDDEAC43CB,CMT,1,N,2013-01-14 19:04:28,2013-01-14 19:13:31,1,542,1.4,-73.971352,40.751423,-73.990845,40.750748
7592AA736E42E97BDCB4DC1C2F9741AA,03B76E30F7E62A130052C2EE9ACDE65F,CMT,1,N,2013-01-14 19:06:18,2013-01-14 19:15:28,1,550,1.5,-73.981461,40.765614,-73.988892,40.751072
59CE8491D0F38907ED26B9BFB974F826,E4D16562D8156D5C43C055331671D7A7,CMT,1,N,2013-01-14 19:02:10,2013-01-14 19:14:57,1,766,2.1,-73.971169,40.764534,-73.993904,40.746555
17BCA686277AC5A41B54E54A97EA196F,D3576CC5866BCD8F8DE97265E46BF408,CMT,1,N,2013-01-14 19:05:49,2013-01-14 19:09:57,1,247,0.7,-73.983025,40.751011,-73.993622,40.752232
1D099464C38DA7D4A32F772D7B11D335,E6A014987FB1B7206AA8D55A5B75699B,CMT,1,N,2013-01-14 18:58:53,2013-01-14 19:13:59,1,905,2.9,-73.974854,40.782932,-73.993118,40.748753
B45D01B7B5A22CFA218DEBC41C36C152,75C8F2D0D3C9EF4B4EDDAC003A32C5A1,CMT,1,N,2013-01-14 18:59:34,2013-01-14 19:04:22,1,287,0.8,-74.004219,40.742596,-73.994843,40.746456
901E4965DF59FA006B74057ACE3F979F,B28ECA9FB3C0929491A668692F57EA2B,CMT,1,N,2013-01-14 19:01:49,2013-01-14 19:06:35,1,285,0.7,-73.995926,40.753998,-73.994408,40.748707
6C77048064CFEF10D42B319623B68380,B9ABA6D53ABC18AC895D60A5F9670966,CMT,1,N,2013-01-14 19:00:02,2013-01-14 19:07:21,3,438,1.1,-74.008095,40.74728,-73.995934,40.746704
98C89210E1228F7AEE1D1A858F79E683,1829DBD58B07396488EC428FB1485140,CMT,1,N,2013-01-14 19:02:01,2013-01-14 19:06:16,1,255,1.0,-73.994713,40.746353,-73.991943,40.754459
0CDDFF0BFCC418DA6DC6DDEDA5835474,3CCBC9E13B6E88638B01589FC9DFFF40,CMT,1,N,2013-01-14 19:03:07,2013-01-14 19:19:02,1,954,2.8,-73.96067,40.765533,-73.991783,40.745834
B47A74918420927D50C0ADE1F2AD0248,A671439427A978E1669B6DBA7F79CE23,CMT,1,N,2013-01-14 19:02:18,2013-01-14 19:07:46,3,327,1.3,-74.000206,40.758427,-73.992851,40.745792
64052E0C9AB3544332AADA9C5E119E14,B00580AA086CC172B9CE655B71356D72,CMT,1,N,2013-01-14 18:59:46,2013-01-14 19:06:54,1,428,1.4,-73.980507,40.764988,-73.993507,40.746689
07AB8362AB6ECF8ADAA218FC7758CB2A,C25B020223E811FB7D2B5D76DFCD4660,CMT,1,N,2013-01-14 19:01:29,2013-01-14 19:07:33,1,364,1.2,-73.982147,40.766495,-73.991165,40.750088
8B3F4B283B58AF5C2591FD62BA5D70A4,7762073C3D4D92F9FE2DF0024CA308ED,CMT,1,N,2013-01-14 19:05:24,2013-01-14 19:18:48,2,803,1.2,-73.98822,40.737904,-73.991127,40.75071
B49D04F4E889632F48E87A56431F2E8B,38448EA0A6905F011BAA83835D69B3A4,CMT,1,N,2013-01-14 19:04:16,2013-01-14 19:18:32,1,855,2.5,-73.986778,40.771812,-73.989586,40.74707
FAA7ABCB74585969B8A5FBDF75AD59E9,B34FB138EE406F4AABE67F82A89D9B40,CMT,1,N,2013-01-14 19:02:26,2013-01-14 19:22:24,1,1197,4.5,-73.953529,40.790871,-73.990578,40.750187
6FE4ED654CCC930CB02221E9AC50CAF2,49A15E71586ED39255309083DF375BD4,CMT,1,N,2013-01-14 19:02:28,2013-01-14 19:07:32,1,303,1.1,-73.980873,40.763233,-73.991318,40.750256
24B88F880931D3A0CCFC22E024E23060,097B70EEC773074A99C33844DFD784B3,CMT,1,N,2013-01-14 19:19:19,2013-01-14 19:24:23,2,304,0.9,-73.99221,40.758938,-73.99131,40.750233
6AE49549AFB584A0B3A2BB56B5369747,B76C34A6FE0D5CACB3C827C541F3EDD1,CMT,1,N,2013-01-14 19:14:09,2013-01-14 19:25:46,1,697,1.6,-73.973389,40.760605,-73.991188,40.750214
01F24976B8E3FF46A08187C86F1F9AB7,A88A52B8D0E2EA3049F7C67191FB51DF,CMT,1,N,2013-01-14 19:14:57,2013-01-14 19:26:34,1,697,3.1,-74.014931,40.705074,-73.988907,40.748222
F1B4B7A60D02E66D2CEACC6D734485BF,3E8CBF43DEC4D9A3275B292EC0165A1A,CMT,1,N,2013-01-14 19:18:31,2013-01-14 19:25:37,1,426,0.9,-73.979042,40.750919,-73.991524,40.748501
2327A5C0800F3D1641A717208E8B7728,AEE903644E3A3689E3E01791F29BC42A,CMT,1,N,2013-01-14 18:47:07,2013-01-14 19:00:51,1,823,2.9,-73.961769,40.764172,-73.99472,40.750378
704444EE57A8AE7A2F940BED63980E29,1E1DAA97E3A237602E9907D853A377D3,CMT,1,N,2013-01-14 19:09:02,2013-01-14 19:17:34,1,512,1.2,-73.993622,40.74157,-73.996155,40.753708
1845D08D60057F27DD79250AB4199683,C5F0BA2B693BB63251E1CE942E9106BF,CMT,1,N,2013-01-14 19:04:11,2013-01-14 19:10:37,1,386,1.1,-73.982521,40.764973,-73.991348,40.749737
15086D96E1474CC305F0529EAE196590,1DBCBE1F9FD18772599753791C793E13,CMT,1,N,2013-01-14 19:22:31,2013-01-14 19:27:38,1,306,0.8,-73.992706,40.739353,-73.990967,40.749344
291758BBCA44E8AFF6554E526B423A39,6D9E76103D11CB0AF0A09861A0D9D46D,CMT,1,N,2013-01-14 18:56:20,2013-01-14 19:02:28,1,368,1.4,-74.002998,40.734364,-73.994713,40.75034
BFA98FEA425474FB7A517F5639AA172C,216B14D1A9EB9B41E180F5436B94BC2B,CMT,1,N,2013-01-14 19:08:09,2013-01-14 19:13:18,1,308,0.7,-73.978722,40.750374,-73.991028,40.755444
B48F655011028878AFE6D1EBEEC6BF90,BC4900C00F052A12AEDA40FA948D4BC8,CMT,1,N,2013-01-14 19:01:02,2013-01-14 19:05:41,1,279,0.7,-73.987175,40.750221,-73.995804,40.754196
233969DED876F80ADFE337164C42FDCD,7F7B59B6062E4E970B4BDE19B6A3243D,CMT,1,N,2013-01-14 19:09:10,2013-01-14 19:20:39,1,688,3.1,-74.010918,40.716366,-73.994591,40.750534
CBB9AEB67C2053A9E313BFDC3B42C65D,F48FCFB011E84546752ABA122C21951F,CMT,1,N,2013-01-14 18:51:25,2013-01-14 19:03:15,1,709,2.0,-73.991211,40.770515,-73.991631,40.751186
8B33395C21FEC0D0EF863900942B58B2,76701A534E4CA9CD4F2A9B2FC3A68FAD,CMT,1,N,2013-01-14 19:00:47,2013-01-14 19:18:06,2,1038,2.8,-73.955536,40.76416,-73.991302,40.750027
CF9B8C12AE3875CC51E3D3703982EA4F,515521CBF96E377F64EC568AC3C332F9,CMT,1,N,2013-01-14 18:54:51,2013-01-14 19:05:16,1,625,1.5,-73.98793,40.738415,-73.991539,40.753952
822E4CC301704BB453B49585667B84E4,93EFAED957760A618DC011658174BFAB,CMT,1,N,2013-01-14 19:01:45,2013-01-14 19:03:59,1,133,0.5,-73.992912,40.758068,-73.993942,40.752586
9058821FDD45D1303A014BF09F3D1F46,27E6F8C724865F517D1E97F88455B471,CMT,1,N,2013-01-14 19:09:58,2013-01-14 19:17:36,2,457,1.5,-73.981567,40.768913,-73.993225,40.7542
E07FE964C21AA899F55B6EE8E2F316E1,5B239219D5AED85CFF9C46A01F788937,CMT,1,N,2013-01-14 19:04:51,2013-01-14 19:11:36,1,404,1.0,-73.989403,40.757736,-73.989258,40.753292
2D60DDE9714BA15DA884AED3313871CE,DCD8021FEBF2E892AB6DDA32F5D292F1,CMT,1,N,2013-01-14 19:15:38,2013-01-14 19:29:37,3,838,4.1,-74.013573,40.702415,-73.994598,40.750477
08BAA2264C1C39B35299406F58E14598,9EFCD3BC7F02F80972DFB023A38D3AA4,CMT,1,N,2013-01-14 19:17:42,2013-01-14 19:20:38,1,175,0.6,-73.990791,40.76104,-73.998184,40.754452
ABCA87ADD9CD9CEBE66056D2110915AB,41957A9C72CAF639F9E7BA46935DCCD3,CMT,1,N,2013-01-14 19:06:57,2013-01-14 19:15:07,4,489,1.4,-73.995323,40.744053,-73.995125,40.754902
0CC3C5C62116BE9DC72FABBC18973518,E6474087DE51CF54FA50A040A8CBD7E7,CMT,1,N,2013-01-14 19:16:15,2013-01-14 19:22:25,1,370,1.3,-73.98996,40.756271,-73.993736,40.745766
508B87BBFD97CB3BA4F88BB1B78D4C48,9EA86B3C6C5BBA8BD0ADE0644BEC42C3,CMT,1,N,2013-01-14 19:08:41,2013-01-14 19:10:35,1,114,0.3,-73.994766,40.750626,-73.991989,40.754402
4B487064CD0A47AFDCD7176B90A9C262,5194F732C9BA0EF390863E033BA1BE85,CMT,1,N,2013-01-14 18:47:41,2013-01-14 19:02:48,1,906,1.7,-73.969666,40.757637,-73.992134,40.75256
CFFBA710DAF613A1A2DFB93B2BE2BD4E,A3653FAB3CDBABD6AC3CFE5A2C871DE7,CMT,1,N,2013-01-14 19:12:14,2013-01-14 19:15:25,1,191,0.7,-73.985184,40.756565,-73.991928,40.749493
508B87BBFD97CB3BA4F88BB1B78D4C48,9EA86B3C6C5BBA8BD0ADE0644BEC42C3,CMT,1,N,2013-01-14 18:51:55,2013-01-14 19:06:49,1,894,1.4,-73.976433,40.756809,-73.992302,40.749405
A3B82BFEB384B8C157A7C768E70AB5A1,0AB99D77E79DF79D7B3A6A66D42EC574,CMT,1,N,2013-01-14 19:12:43,2013-01-14 19:16:42,1,239,0.8,-73.986351,40.760674,-73.994514,40.752762
0E1D3F2BB8188619AEAFE290593B132A,520C5BDDCD4AA9ECCE665889FB6B5791,CMT,1,N,2013-01-14 18:50:24,2013-01-14 19:08:09,1,1065,2.0,-73.96846,40.765026,-73.990875,40.755348
6C5790805A6A4B944666A6410D2DCAED,F5215473F5D2C8876A69B201B3E9C689,CMT,1,N,2013-01-14 19:17:42,2013-01-14 19:22:21,1,279,1.6,-74.007019,40.728649,-73.994713,40.750355
BCC1B5B7D9596FEC872C9DAD725310B3,229A201AC29A31E8864E2C2E468AD88F,CMT,4,N,2013-01-14 19:12:57,2013-01-14 19:19:12,1,375,1.5,-73.988441,40.764183,-73.993233,40.747166
E8239597916568ECE2CB386CE091B9B1,D447E9C35D324929851185689A3D757F,CMT,1,N,2013-01-14 19:12:29,2013-01-14 19:15:15,1,166,0.8,-73.982567,40.762859,-73.990311,40.751228
FFAE0B4090E31DE701697F7987164B49,A6368FEE2918B3D3E08C3D539027F6B2,CMT,1,N,2013-01-14 19:12:51,2013-01-14 19:18:48,1,357,1.2,-73.97641,40.755493,-73.991386,40.749954
26840C7CF0423CB66A00B519A5AF9234,854AACC29F1DCE640BF1EB0258912776,CMT,1,N,2013-01-14 19:18:21,2013-01-14 19:26:55,1,514,1.3,-73.973801,40.755013,-73.991119,40.747707
7EF97ABEB5352903E59B345695947B0A,806DC39BC09C1A636B1DA46ACA9B26E7,CMT,1,N,2013-01-14 18:35:22,2013-01-14 19:11:43,1,2180,3.3,-73.991409,40.750206,-73.990288,40.751312
D91E77E10E60C878BDFBD731836FF336,E8D7EA3A9D676D67DECAEE101671FFC8,CMT,1,N,2013-01-14 19:00:21,2013-01-14 19:15:39,2,917,3.1,-74.010162,40.71944,-73.992134,40.749355
EDD8D48B8507A547A4F44691C4E14AD7,53A317DA4AD6E445E9ACA13A5FA9B023,CMT,1,N,2013-01-14 19:16:55,2013-01-14 19:25:11,3,496,2.2,-74.008476,40.72068,-73.99469,40.750381
6576D9FA1EE10E73FA3183CA4B837AAC,3D7D4320C464C9BDB3D79FC812C35F39,CMT,1,N,2013-01-14 19:07:04,2013-01-14 19:16:31,2,566,1.8,-73.991455,40.735218,-73.993111,40.754532
1D57896A10408B2E22F05D165EC392C0,217622C8CAF6C45CB026B087DECC76F9,CMT,1,N,2013-01-14 19:13:27,2013-01-14 19:24:58,1,691,2.4,-73.995392,40.727131,-73.9944,40.751244
FA3CF175396F247EF0038278F42CE5A4,2AFC088DF49D952FC3ACD04447D98058,CMT,1,N,2013-01-14 18:49:19,2013-01-14 19:01:26,1,727,1.5,-73.972328,40.757988,-73.989456,40.752968
FD2746DB1B675CDFF6EF50B5CF92F210,071AE62AC3E2A97E9BFE9DECA07BD630,CMT,1,N,2013-01-14 19:15:21,2013-01-14 19:27:23,1,721,2.4,-73.964867,40.775269,-73.989441,40.755226
E2A269AE906055447BAC3AAF2A9877FA,91DDB868F1B45DC19A62C998F257F44F,CMT,1,N,2013-01-14 19:24:02,2013-01-14 19:25:39,1,97,0.5,-73.985435,40.757881,-73.988846,40.751144
0D43C5714A27095C327BF42F70E66C77,43DDC74257F6FCD44B0F1E6F08CD23FC,CMT,1,N,2013-01-14 19:05:28,2013-01-14 19:11:55,1,387,1.6,-73.98745,40.768772,-73.99015,40.751347
8C3DB699DA9D5A86780602001DF0892D,5A2889B971B2406922F79FE3B0DD858F,CMT,1,N,2013-01-14 19:13:50,2013-01-14 19:20:07,1,377,1.0,-73.978218,40.751236,-73.993637,40.751259
182C9BAAE68AC94E518B66A873AD1D97,1989840D1E6C3EB633F84C336918472C,CMT,1,N,2013-01-14 19:21:26,2013-01-14 19:24:22,1,176,0.7,-73.984573,40.760094,-73.989769,40.749668
89905FAE3E1B216FE8688A81FD671A11,A0202119808170AF61ABB1F5E93C7C5C,CMT,1,N,2013-01-14 19:05:07,2013-01-14 19:10:28,1,321,1.3,-73.976227,40.759682,-73.991295,40.750366
E88214818594A025E8F828616496784D,8FA13626965631D07F886A21F99EA201,CMT,1,N,2013-01-14 19:26:09,2013-01-14 19:28:06,1,116,0.4,-73.992455,40.743637,-73.991356,40.748951
F39166B8B6FBB1781B8C07D679CE3FE3,2ACF125400574163A4A4F9D4B6479AD5,CMT,1,N,2013-01-14 19:22:41,2013-01-14 19:25:02,1,140,0.3,-73.991249,40.750477,-73.994072,40.74662
8A8E948AED019CB9C6CA858BD6FD662C,51A3D116A46BFC0C6647191F99F9F2CC,CMT,1,N,2013-01-14 18:55:14,2013-01-14 19:01:35,1,380,0.9,-73.978073,40.752716,-73.9916,40.750504
174CC28795ED5643A1F1502FEF329B97,CDB4706AEFF64B22C49027EB0718968C,CMT,1,N,2013-01-14 19:19:48,2013-01-14 19:28:55,1,547,1.3,-73.978226,40.751865,-73.990723,40.745991
4351ACEF683BECBD3E283F324EB78460,E41B56C771F05DFC0DDDA3244C886254,CMT,1,N,2013-01-14 18:56:21,2013-01-14 19:07:16,1,654,1.8,-73.982353,40.774841,-73.991432,40.750137
A0432BA6B2E7C5B7DD23179092E551DB,E6EFC44C8411B31F2699D4E2BD6DFE3B,CMT,1,N,2013-01-14 18:53:31,2013-01-14 19:07:43,1,852,3.3,-73.973862,40.794582,-73.997185,40.753784
FA4B4883D9AD7B4F602E5D1137B6A187,7CF82DAE0E0EFB3DC98C0B2C3619FC16,CMT,1,N,2013-01-14 18:54:36,2013-01-14 19:00:49,1,373,1.3,-73.975426,40.751629,-73.991058,40.752266
109CFE085B9C30FE87253B46CCD7067E,57C5B7B2F4683BCE8153781B928322A1,CMT,1,N,2013-01-14 18:58:37,2013-01-14 19:09:32,2,655,1.8,-73.977409,40.765278,-73.993156,40.753784
D6A7562834E68A5A11C61DF7A8259DC6,B01D88CFE0D151389C13B99B242D79A4,CMT,1,N,2013-01-14 19:00:43,2013-01-14 19:11:55,1,671,2.0,-73.985863,40.726704,-73.993576,40.747078
5ED63954EFE96FD33E6C50C2BDDD39C2,6C55BACC2332DA5F436413CF8DEBF0FD,CMT,1,N,2013-01-14 19:02:44,2013-01-14 19:08:57,1,373,1.0,-73.980225,40.755898,-73.990974,40.749294
D83874011C6CE4073DD028506956A4A0,357715DC82608EAF35FCCB1D0E10D025,CMT,1,N,2013-01-14 18:55:59,2013-01-14 19:01:38,1,338,1.2,-73.977478,40.758698,-73.99099,40.748745
0C3CA2614B1CA10996E53D0C3A65BCE9,21FFEE7120FB0F94541D810D43C7A4FB,CMT,1,N,2013-01-14 19:07:37,2013-01-14 19:25:43,1,1085,2.8,-73.955811,40.764069,-73.991341,40.751297
EDFBA9599DD988A0981754A9E5A54CCD,448AAEE57B1B54724E9F3221802FB0C4,CMT,1,N,2013-01-14 19:01:47,2013-01-14 19:10:30,1,523,1.4,-73.97641,40.763966,-73.990646,40.750889
B55A19E5429545C78F8066C4DD5D9EAB,27DE533777D4AF390410DC6B8634F2F5,CMT,1,N,2013-01-14 18:54:03,2013-01-14 19:04:33,1,630,1.3,-73.984573,40.743259,-73.991585,40.754829
3A1725ADB6D815C363628F849C8C6A6E,5C19018ED8557E5400F191D531411D89,CMT,1,N,2013-01-14 19:13:14,2013-01-14 19:18:28,1,314,1.1,-74.008141,40.738865,-73.99472,40.750282
E9C5CB4D1112314DD511E77825A5CD1B,EF40EB39FFD12CAD9FCDF31CDE33F8EA,CMT,1,N,2013-01-14 19:05:52,2013-01-14 19:10:19,1,266,1.1,-73.98819,40.737595,-73.990852,40.748631
BCDFB1CA87839AD8995E3D44B9948CF2,4D9AA3F8DB77F03E04AE148951F7E07D,CMT,1,N,2013-01-14 19:16:13,2013-01-14 19:25:13,2,539,1.3,-73.982826,40.738708,-73.994987,40.750111
49CC652C956E7166E56A91FA2FA2D9A7,4371F71EFA649FE5CDBB6B0F6EA65985,CMT,1,N,2013-01-14 19:13:33,2013-01-14 19:19:52,2,379,0.9,-73.989891,40.756725,-73.992203,40.749226
A9B00ADA19742B1AA50BDBBF719F4745,80F9CEB10501102E4A46452E402275E6,CMT,1,N,2013-01-14 19:18:01,2013-01-14 19:28:37,1,636,1.7,-73.969902,40.76107,-73.989052,40.747822
B6D7094CD5A86D7EC449BD2CBEC454EC,89584A67811F3ECC872BDD4B1771E46C,CMT,1,N,2013-01-14 19:01:44,2013-01-14 19:13:26,1,701,9.3,-73.990402,40.734798,-73.992325,40.749119
42B12E1975137101D270A5C85A105463,BA20133EBB12CCE3A460615B33C8EF29,CMT,1,N,2013-01-14 18:56:45,2013-01-14 19:04:20,1,454,1.2,-73.977036,40.75938,-73.99144,40.750526
FD122D9AEB0F7772600F8CD5693F8827,67AB39D2AC1A80B1113A5B57953537E6,CMT,1,N,2013-01-14 19:05:01,2013-01-14 19:08:51,1,230,0.8,-73.988495,40.7631,-73.996361,40.753338
76B1D35ED592F0981AC59495E1930347,61B2BD8771C603A1202EEFDF23320772,CMT,1,N,2013-01-14 19:06:00,2013-01-14 19:06:46,1,46,0.1,-73.996887,40.747513,-73.995506,40.749252
98C89210E1228F7AEE1D1A858F79E683,1829DBD58B07396488EC428FB1485140,CMT,1,N,2013-01-14 18:53:05,2013-01-14 19:00:06,1,420,1.1,-73.992561,40.737427,-73.991714,40.749016
1DEAF0880735434963F8A30B8BCD13AE,24BABEE433543F4A986FF25F38799267,CMT,1,N,2013-01-14 19:23:03,2013-01-14 19:27:46,2,282,0.7,-74.005814,40.751694,-73.995209,40.746174
70CE5A921E05D1FFC1C448E59187E092,8F00997F6FD940436E1FD51F2CA64638,CMT,1,N,2013-01-14 19:04:51,2013-01-14 19:16:04,1,672,1.9,-73.969864,40.766029,-73.993279,40.750561
70CE5A921E05D1FFC1C448E59187E092,8F00997F6FD940436E1FD51F2CA64638,CMT,1,N,2013-01-14 19:18:12,2013-01-14 19:20:58,1,165,0.7,-73.988861,40.753601,-73.996239,40.748447
D87416509B3A2BF0E6E51E00F1A84ECD,8063DC50F03C600157444427D69F80DD,CMT,1,N,2013-01-14 19:00:42,2013-01-14 19:05:57,1,314,1.0,-73.981415,40.760395,-73.989273,40.751781
E45068628A9E6FD2FE01F59DC0C9A02F,9682B81867DF79DFC8A3BE322DFD8C8C,CMT,1,N,2013-01-14 19:04:12,2013-01-14 19:15:13,1,661,1.4,-73.975273,40.757759,-73.991974,40.749184
865693D6044FB52C0108F1E63F2EB145,C2795499408D0A69D691906B196659EA,CMT,1,N,2013-01-14 19:05:10,2013-01-14 19:13:21,1,491,1.6,-73.993156,40.736458,-73.993065,40.752449
73571EE9F24739860F0FA2D7D91CA908,66172B5355AAA91514081311469EECD2,CMT,1,N,2013-01-14 19:02:30,2013-01-14 19:11:21,2,530,1.1,-73.97805,40.757565,-73.993553,40.752319
AB1B2665D5C315923C125E7C3E6D2B9D,6FA74CAEEB1AD32E6284A030CE297711,CMT,1,N,2013-01-14 19:00:16,2013-01-14 19:04:28,2,251,0.8,-73.998192,40.761063,-73.996506,40.753098
08B54C66963A4F5894CC4EDA638FD27F,211BA3F25A67F77B99A24A7FE5FF1E4C,CMT,1,N,2013-01-14 18:42:09,2013-01-14 19:11:58,1,1788,5.8,-73.91687,40.769581,-73.99086,40.751186
901009D82C82C88E4502452C3C7CEB9B,44528AAF8CF3686C015EE842F65D69E3,CMT,1,N,2013-01-14 19:03:23,2013-01-14 19:12:00,1,516,1.5,-73.984764,40.768406,-73.988876,40.7523
343EE0E83B908DC51AA01245FDC32974,B1549CFE4C2BCB250F91D24C4CBC9BEB,CMT,1,N,2013-01-14 19:14:39,2013-01-14 19:27:32,1,773,3.0,-73.980072,40.785732,-73.994888,40.750095
271217702A1E3484D03FE5B2B3E49146,3B8D39D632ABF7916A538591AB41D9B3,CMT,1,N,2013-01-14 19:09:29,2013-01-14 19:18:02,2,513,1.3,-73.973152,40.752052,-73.991257,40.750458
1C767D22F42B8CF21EE89ADA559EA966,F9250CB090EE3565C416DD8B95B4096D,CMT,1,N,2013-01-14 19:21:04,2013-01-14 19:28:18,1,433,2.1,-73.987381,40.775921,-73.993752,40.7523
374ED12B8CD6937E3F1F32E9C9926CEF,B87529EC67E8DBC6FF2A938BD60AA8C1,CMT,1,N,2013-01-14 19:06:28,2013-01-14 19:24:10,2,1062,3.0,-73.960892,40.774113,-73.994484,40.749962
BC748B498030D391D5ACEA4F0D323D33,EB2423F980E6206FD8BC2C4D2DE62A85,CMT,1,N,2013-01-14 19:07:35,2013-01-14 19:18:05,1,629,2.4,-73.965141,40.763771,-73.989174,40.746319
FCA7A2F408CAC0F3BCFD342DE855C6D9,CC9435A65BA6DF642533F425D613BB30,CMT,1,N,2013-01-14 19:10:01,2013-01-14 19:17:15,1,433,1.5,-73.986404,40.734459,-73.991737,40.749191
371360AF600BD4AAFA750F9BD9D74509,EA2ED9A1779B4D5E4470B0B06D66DE19,CMT,1,N,2013-01-14 19:19:14,2013-01-14 19:24:41,4,326,0.8,-73.979668,40.755741,-73.990456,40.755146
154D38914FFEEC89618540CEE0BB29FC,25C6F7E021C4D06A7DFC5764BB2C7E83,CMT,1,N,2013-01-14 19:04:58,2013-01-14 19:18:09,1,790,1.4,-73.983864,40.743694,-73.992966,40.755276
6FC04F89BE153CF9F982ECCB52431760,0BDE24681A08B6B72748AA1BC8A10BE7,CMT,1,N,2013-01-14 19:10:36,2013-01-14 19:18:09,1,452,1.1,-73.990952,40.736622,-73.992111,40.749004
A344E0D2AFA61DF51A8D93CE054FF34B,282EE7490B30C99FBFF310CB2E37D2BA,CMT,1,N,2013-01-14 19:03:05,2013-01-14 19:10:34,1,449,1.2,-73.983002,40.76231,-73.991287,40.750042
AB6D4655958A45070F457B21CC1F215C,BA53D5EDCFB8C6B26D1A99531FD35397,CMT,1,N,2013-01-14 18:58:49,2013-01-14 19:03:34,1,284,0.7,-73.985519,40.748684,-73.991348,40.755482
1B5E728F7A41380C6BF635EAA6A816C5,5310EE41F9268E42222CACB4051EFAE1,CMT,1,N,2013-01-14 19:19:31,2013-01-14 19:28:20,1,529,0.8,-73.987656,40.73925,-73.993835,40.7467
993F002ADFF2CA2F2163F7042D3CD7EE,D0DD0BFA7852A6030FBEDEE15D5EF4C2,CMT,1,N,2013-01-14 19:01:00,2013-01-14 19:11:23,1,623,3.1,-74.010086,40.720509,-73.992851,40.755016
556B82CFC0CBDF7B2EEC79EABCDCEFBF,301BBEA9E2748B357E040D90C7B6D416,CMT,1,N,2013-01-14 19:12:12,2013-01-14 19:18:06,1,353,0.8,-73.980171,40.754402,-73.990189,40.748783
DAA2A7CD61FA15E2AEE1D8641E3FF50A,6158E55D09DE52F3150ADCB14F36EEE7,CMT,1,N,2013-01-14 19:00:25,2013-01-14 19:14:56,1,870,2.4,-73.96489,40.775166,-73.992889,40.749668
358274A2F0B3765DBE2EAC75198D9F6E,C41C9D614F7E0B78167EB420C8EF8F27,CMT,1,N,2013-01-14 19:00:29,2013-01-14 19:12:40,1,731,2.3,-73.998665,40.719696,-73.989098,40.747936
CA40ECBBDE936E87FCB99B52B6997A3E,9E4A103741820C2737CB833DDC28CF29,CMT,1,N,2013-01-14 19:13:56,2013-01-14 19:17:10,1,193,0.5,-73.989906,40.745167,-73.997025,40.754391
EE9AB2DB5CB227908B21673A1A73FCC6,B77C8889DC603C527D7F680303880176,CMT,1,N,2013-01-14 18:44:27,2013-01-14 19:04:41,1,1213,2.9,-73.960526,40.7617,-73.990601,40.746334
4EB4634B8532E84856255262E774E78B,99BFB25C7835153C07F5D46842852344,CMT,1,N,2013-01-14 19:12:58,2013-01-14 19:17:37,1,279,0.6,-73.982407,40.746361,-73.992355,40.748894
4A0AB544BFDDFA79246AD552FFC54CE1,E00E6803772D573E1804F4BD2F0907E1,CMT,1,N,2013-01-14 19:22:48,2013-01-14 19:26:23,1,215,0.9,-73.987328,40.761223,-73.993019,40.752056
A8D7DB0F4A818795CEE992B7F9F570A4,5B6DAD6F23F9EF295EDC44AAABE2EB3D,CMT,1,N,2013-01-14 19:07:52,2013-01-14 19:12:52,1,299,1.1,-73.980652,40.75071,-73.989304,40.750271
44D82887A3B7DF70F2E46663618F2944,7675318F776DEA40DF1C2BCBC6BD0C55,CMT,1,N,2013-01-14 19:15:27,2013-01-14 19:18:57,1,209,0.8,-74.002983,40.749584,-73.991966,40.751434
8A6C11AFA4F407A01290E4A688731CB7,F9583A1648DAD6B59F5FE656B6E54E4C,CMT,1,N,2013-01-14 19:06:00,2013-01-14 19:11:10,1,309,0.6,-73.982727,40.745239,-73.988823,40.748581
03B1654E081C93170A27AD827FD8E37D,0A8CAA98654EC2E853404D6C9E23EB47,CMT,1,N,2013-01-14 19:06:08,2013-01-14 19:11:14,1,305,0.6,-73.986465,40.742466,-73.992126,40.749275
4A4DA06C65CFA356CD538AF4B899430E,7CB1787EB3A6645394649922AE55DCAA,CMT,1,N,2013-01-14 19:11:50,2013-01-14 19:19:47,1,477,1.3,-73.988503,40.768848,-73.996468,40.753372
DB76A59BA9A4D49EEBBBDB90B8395FDB,F915D8F4F6821B39E941011CFB7A5F75,CMT,1,N,2013-01-14 19:03:59,2013-01-14 19:09:54,1,355,1.0,-73.993851,40.761852,-73.993347,40.752163
0BACB2C11491FA7639FD9F58B4E1AB6D,31087231E09099106762217619CCDB6E,CMT,1,N,2013-01-14 19:16:43,2013-01-14 19:27:28,1,644,1.7,-73.975784,40.760448,-73.99147,40.746639
94A8DF18F5EBA8A61486A0F02860BC3E,A62DB1C32A596B10EEB0713C4FEBB92B,CMT,1,N,2013-01-14 18:54:24,2013-01-14 19:07:14,2,770,2.7,-74.000114,40.721462,-73.991852,40.749012
EE044E9C59DE1BBF1EDE67E84F8F4BAB,D5725DF68F10C6CF0CE6FC32A04C314A,CMT,1,N,2013-01-14 19:22:12,2013-01-14 19:28:46,1,394,1.2,-73.982452,40.76133,-73.99781,40.754101
4E578E32AE8490FACF9C1B921C73D885,C21AC1DC44A5B11E6DAA08640D7D3EDD,CMT,1,N,2013-01-14 19:00:21,2013-01-14 19:03:36,1,195,0.8,-73.977524,40.749554,-73.990089,40.750786
4E578E32AE8490FACF9C1B921C73D885,C21AC1DC44A5B11E6DAA08640D7D3EDD,CMT,1,N,2013-01-14 19:25:40,2013-01-14 19:27:59,1,139,0.4,-73.992798,40.743061,-73.992546,40.747662
B9ED9D07C705BFAABFC72C16ABC63C38,995E33D76711ED00F5CEAEA05AA2F80E,CMT,1,N,2013-01-14 19:21:26,2013-01-14 19:29:20,1,474,1.3,-73.97525,40.749859,-73.990913,40.749973
8CFD928EE84B0454F8D3B49B5EE0A53E,0ED56E2714CC0103AB89E2A4EE92E096,CMT,1,N,2013-01-14 19:21:53,2013-01-14 19:27:56,1,363,1.5,-73.98893,40.76931,-73.993324,40.752037
0B62C73FEEFF9086CDEA85C8DF85A06D,F468E4F4644629E2AD13E967F031E38C,CMT,1,N,2013-01-14 19:05:01,2013-01-14 19:07:14,1,132,0.2,-73.990967,40.745342,-73.99176,40.749111
CF361F3EA47CD2D01E7EF9960DEC76A8,734C6C9B2DBB633A44214B88037CADD2,CMT,1,N,2013-01-14 19:17:23,2013-01-14 19:22:23,1,299,0.6,-73.996376,40.748611,-73.990562,40.750683
E1D9CC4DBCBB07780CDCB57CDBB44718,E51AF46ACA3D0A79101988CF13429246,CMT,1,N,2013-01-14 19:21:16,2013-01-14 19:25:19,1,242,0.8,-73.995178,40.739689,-73.99234,40.749111
38CA8BCB4180F32BEDE6FE085F4E445E,CE7A3E2632A838C9C02334D65E4355AF,CMT,1,N,2013-01-14 19:04:52,2013-01-14 19:12:13,1,441,0.9,-73.991882,40.742386,-73.989296,40.74839
DB76A59BA9A4D49EEBBBDB90B8395FDB,F915D8F4F6821B39E941011CFB7A5F75,CMT,1,N,2013-01-14 18:52:10,2013-01-14 19:00:16,1,486,1.5,-73.982216,40.775314,-73.994835,40.755421
AA07DB5D46C29F84B842B85A228FA2F8,8E4C61284BC5E57A183FDBCB2EC565A5,CMT,1,N,2013-01-14 18:57:42,2013-01-14 19:04:59,1,437,1.0,-73.988785,40.736637,-73.998329,40.745594
DEF917A5661D1C7DCC42B6EE1489F3E0,4CCCCD4778D2B6A38C9AA9E3C78DB888,CMT,1,N,2013-01-14 19:16:37,2013-01-14 19:22:49,1,372,0.7,-73.977776,40.749649,-73.990952,40.755047
735BA884DC2CD626D856B65734ED41CE,1DBEBFDDCD9679ED9A68DBCA26EE367B,CMT,4,N,2013-01-14 19:07:40,2013-01-14 19:10:12,1,151,0.3,-73.986809,40.751926,-73.990456,40.750408
5C9341B6F3123C0F8DFDE4A68FF2251A,8382A4CC287B74549B276F964ECC8D6E,CMT,1,N,2013-01-14 19:21:02,2013-01-14 19:24:42,1,220,0.2,-73.988693,40.75563,-73.991203,40.750401
8CBE505762C297D5394EA81336F969B2,3CA71B6298D877AA8E4B1A8CA607CF06,CMT,1,N,2013-01-14 19:01:19,2013-01-14 19:09:54,1,514,1.4,-73.979713,40.763977,-73.993279,40.753796
69E909B6477EAA453593E474173E7541,083633B9C5F5B83559B855692DA1D28C,CMT,1,N,2013-01-14 18:41:59,2013-01-14 19:03:04,1,1264,2.6,-73.965599,40.771362,-73.991409,40.749851
AA948A04DDAC905E6C9897A96C940923,55A4E13D430D09449F33E5CD360971D8,CMT,1,N,2013-01-14 19:10:36,2013-01-14 19:29:01,1,1104,3.9,-73.94783,40.782036,-73.991417,40.753719
C514D06B4B55C2DEF89D5F781AF20647,8A4F28B1C1698CAC713B58AD9998B5EB,CMT,1,N,2013-01-14 18:52:34,2013-01-14 19:10:07,1,1053,2.4,-73.982193,40.727962,-73.994774,40.750412
0A15C5B80DF6DAFA959EC9B180750C9A,E3EB6DF2D70C20B479959184D31F35DE,CMT,1,N,2013-01-14 19:20:14,2013-01-14 19:23:03,1,168,0.5,-74.001099,40.751915,-73.99334,40.752113
FDEC963072FE858A4189DC26519FE674,1B641E0547332FE9203663F1607F58DC,CMT,1,N,2013-01-14 18:59:49,2013-01-14 19:01:36,1,106,0.6,-73.985596,40.757282,-73.991295,40.750263
96F1BE5F54DFF681C682EE2B6B6C1043,8A774F77DA462626C5178F433D18991A,CMT,1,N,2013-01-14 19:03:37,2013-01-14 19:10:20,1,402,0.9,-73.975258,40.748676,-73.991127,40.75531
DE2CBC30D5E260D02D43C71B155092A0,17AEA7A410779EEE256DCEC94E8194A5,CMT,1,N,2013-01-14 19:15:58,2013-01-14 19:21:46,1,347,0.6,-73.986435,40.741966,-73.992226,40.749626
261C653BF512F63CE52FDB6268806A3D,775424A833C4156F4ADF81B29C213680,CMT,1,N,2013-01-14 19:19:14,2013-01-14 19:20:48,2,94,0.3,-73.987099,40.756641,-73.989914,40.755123
